,bass,,,,cvc5,,,,ostrich,,,,z3-noodler
filename,real,user,sys,mem,real,user,sys,mem,real,user,sys,mem,real,user,sys,mem
01_track_1,0.59,0.53,0.05,58700,0.03,0.01,0.00,6320,2.56,1.34,0.10,185312,0.59,0.04,0.01,24444,
01_track_10,13.57,13.21,0.30,484876,0.05,0.02,0.01,8108,23.28,21.80,0.34,735544,0.63,0.05,0.02,28548,
01_track_100,,,,,,,,,9.08,7.68,0.27,683060,0.62,0.05,0.02,28088,
01_track_101,,,,,0.05,0.02,0.01,8180,,,,,0.45,0.04,0.03,28160,
01_track_102,,,,,0.04,0.01,0.00,7628,2.64,1.65,0.11,216892,0.44,0.04,0.02,27308,
01_track_103,,,,,0.04,0.01,0.01,7524,22.00,20.76,0.33,743024,0.06,0.04,0.01,24484,
01_track_104,1.20,1.13,0.06,124996,0.04,0.02,0.00,7848,3.74,2.94,0.13,296912,0.06,0.03,0.02,27716,
01_track_105,,,,,0.03,0.01,0.01,7276,30.24,29.18,0.43,749592,0.05,0.03,0.01,24460,
01_track_106,2.81,2.60,0.19,277380,0.04,0.01,0.01,8076,2.88,2.40,0.10,244088,0.07,0.04,0.01,28108,
01_track_107,1.80,1.66,0.11,176660,0.04,0.01,0.00,7492,18.87,18.10,0.33,769236,0.05,0.04,0.00,24480,
01_track_108,2.58,2.42,0.14,190396,0.04,0.01,0.00,7288,1.78,1.68,0.08,212028,0.05,0.03,0.01,24468,
01_track_109,,,,,0.06,0.04,0.00,9200,42.95,42.36,0.47,782424,0.09,0.06,0.02,32196,
01_track_11,0.95,0.87,0.05,80780,0.04,0.01,0.01,7916,3.30,3.18,0.10,238340,0.05,0.03,0.01,27844,
01_track_110,,,,,0.05,0.01,0.01,8064,,,,,0.06,0.04,0.01,28124,
01_track_111,,,,,,,,,56.18,55.55,0.48,819324,0.08,0.05,0.02,29772,
01_track_112,0.64,0.58,0.04,59980,0.04,0.01,0.00,7460,2.04,1.94,0.08,223268,0.08,0.03,0.01,24464,
01_track_113,,,,,0.04,0.02,0.00,8124,4.28,4.10,0.15,319792,0.06,0.05,0.00,28108,
01_track_114,1.69,1.56,0.11,153772,0.03,0.01,0.00,7504,15.93,15.57,0.30,739768,0.05,0.03,0.01,24484,
01_track_115,0.89,0.80,0.07,76768,0.04,0.02,0.00,7720,2.65,2.54,0.10,228084,0.06,0.04,0.01,27708,
01_track_116,1.38,1.27,0.09,117652,0.03,0.02,0.00,7912,3.38,3.25,0.11,272144,0.06,0.04,0.01,27900,
01_track_117,,,,,0.04,0.01,0.01,7948,48.64,47.70,0.81,793184,0.06,0.04,0.01,27912,
01_track_118,,,,,0.04,0.01,0.00,7520,26.69,26.00,0.61,752704,0.05,0.03,0.01,24476,
01_track_119,0.72,0.65,0.06,64160,0.04,0.01,0.00,7244,4.05,3.91,0.12,260000,0.05,0.03,0.01,24448,
01_track_12,,,,,0.04,0.01,0.00,7540,10.96,10.51,0.41,718336,0.05,0.03,0.01,24488,
01_track_120,4.07,3.93,0.11,373516,0.04,0.02,0.00,8072,7.31,6.89,0.40,717656,0.07,0.05,0.01,28176,
01_track_121,0.93,0.86,0.05,93140,0.04,0.01,0.00,7288,1.72,1.59,0.12,206812,0.05,0.03,0.01,24464,
01_track_122,,,,,0.04,0.02,0.00,8112,76.81,76.11,0.49,831876,0.07,0.05,0.02,28512,
01_track_123,,,,,0.04,0.02,0.00,8312,3.91,3.77,0.11,273680,0.07,0.04,0.01,28384,
01_track_124,1.97,1.83,0.12,209228,0.03,0.01,0.01,7504,37.34,36.88,0.36,799928,0.05,0.03,0.01,24480,
01_track_125,,,,,0.03,0.02,0.00,7852,11.69,11.31,0.33,717760,0.06,0.04,0.01,27956,
01_track_126,1.67,1.57,0.07,190020,0.04,0.02,0.00,7984,3.73,3.57,0.13,298520,0.06,0.04,0.01,27936,
01_track_127,,,,,0.04,0.01,0.00,7520,23.86,23.33,0.47,738508,0.05,0.04,0.01,24464,
01_track_128,0.60,0.53,0.04,66540,0.04,0.01,0.00,6316,1.36,1.28,0.07,185388,0.05,0.03,0.01,24444,
01_track_129,0.60,0.54,0.05,58696,0.04,0.01,0.01,6316,1.43,1.35,0.06,186472,0.05,0.03,0.01,24444,
01_track_13,0.89,0.81,0.07,81036,0.04,0.02,0.00,7460,2.84,2.69,0.12,254220,0.05,0.03,0.01,24468,
01_track_130,0.70,0.64,0.05,62784,0.03,0.01,0.01,7296,1.65,1.55,0.09,212044,0.05,0.03,0.01,24452,
01_track_131,,,,,0.04,0.02,0.01,8000,59.01,58.44,0.42,776052,0.07,0.05,0.01,28196,
01_track_132,2.06,1.96,0.09,235884,0.05,0.01,0.01,7996,101.90,100.63,1.01,899876,0.06,0.04,0.01,28048,
01_track_133,31.90,31.55,0.25,844388,0.04,0.02,0.00,8060,2.86,2.71,0.13,256172,0.07,0.05,0.01,28304,
01_track_134,,,,,0.03,0.01,0.00,7684,48.01,47.48,0.40,788588,0.05,0.03,0.01,24492,
01_track_135,,,,,,,,,5.24,5.00,0.21,328784,0.28,0.15,0.03,57848,
01_track_136,,,,,0.05,0.01,0.00,7280,9.81,9.50,0.27,718168,0.05,0.03,0.01,24456,
01_track_137,,,,,0.04,0.02,0.00,7972,97.82,97.07,0.49,786612,0.06,0.04,0.01,27928,
01_track_138,0.90,0.82,0.07,83000,0.04,0.02,0.00,7844,2.92,2.79,0.10,268612,0.06,0.04,0.01,27752,
01_track_139,8.83,8.31,0.47,672844,0.04,0.02,0.00,8084,5.71,5.40,0.27,557416,0.08,0.04,0.01,28016,
01_track_14,0.59,0.54,0.04,63520,0.03,0.02,0.00,7620,1.61,1.48,0.12,203960,0.05,0.04,0.01,27304,
01_track_140,0.58,0.52,0.05,59288,0.06,0.03,0.01,8972,2.29,2.12,0.15,232816,0.06,0.05,0.01,27900,
01_track_141,0.58,0.52,0.04,64176,0.05,0.03,0.00,8900,1.96,1.86,0.09,217204,0.06,0.04,0.01,27648,
01_track_142,3.14,2.99,0.12,389028,0.02,0.01,0.00,7288,20.86,20.32,0.48,758600,0.05,0.04,0.00,24468,
01_track_143,,,,,0.04,0.01,0.01,7992,10.47,10.10,0.32,708440,0.10,0.04,0.01,28048,
01_track_144,0.80,0.73,0.04,91516,0.03,0.02,0.00,7548,21.61,20.96,0.58,729336,0.05,0.03,0.01,24468,
01_track_145,0.46,0.42,0.03,64064,0.04,0.02,0.00,8156,1.85,1.74,0.09,212964,0.06,0.04,0.01,27544,
01_track_146,0.56,0.51,0.04,69540,0.04,0.01,0.01,7292,1.62,1.52,0.09,209892,0.05,0.04,0.01,24452,
01_track_147,1.04,0.94,0.07,91192,0.04,0.01,0.00,7876,3.14,3.00,0.12,264088,0.08,0.04,0.01,27772,
01_track_148,,,,,0.04,0.02,0.00,8120,68.92,67.89,0.84,774260,0.08,0.05,0.01,27744,
01_track_149,0.71,0.65,0.05,63700,0.05,0.02,0.00,7976,4.60,4.43,0.13,290064,0.05,0.03,0.02,27824,
01_track_15,,,,,0.04,0.01,0.00,7848,29.43,28.96,0.38,751284,0.06,0.04,0.01,27716,
01_track_150,4.76,4.49,0.25,450512,0.05,0.02,0.00,7956,2.02,1.88,0.11,211928,0.06,0.03,0.02,27596,
01_track_151,1.79,1.66,0.09,191216,0.04,0.01,0.01,7856,5.05,4.83,0.20,570060,0.06,0.04,0.01,27792,
01_track_152,2.02,1.86,0.12,181008,0.04,0.01,0.01,7296,1.79,1.64,0.14,204100,0.05,0.03,0.01,24472,
01_track_153,1.33,1.22,0.08,132960,0.03,0.02,0.00,7920,3.73,3.60,0.10,295068,0.06,0.04,0.01,27780,
01_track_154,0.52,0.47,0.04,61100,0.04,0.01,0.00,7640,1.82,1.69,0.12,202844,0.05,0.03,0.01,27160,
01_track_155,,,,,0.03,0.01,0.00,7284,9.23,8.94,0.26,701616,0.05,0.03,0.01,24456,
01_track_156,2.21,2.08,0.09,226536,0.04,0.01,0.00,7856,7.99,7.63,0.33,697100,0.06,0.04,0.01,27896,
01_track_157,,,,,0.04,0.01,0.00,7576,21.78,21.40,0.31,728016,0.05,0.03,0.01,24484,
01_track_158,,,,,0.03,0.01,0.01,7996,2.46,2.33,0.10,258716,0.06,0.04,0.01,27616,
01_track_159,,,,,0.05,0.02,0.00,8496,,,,,0.06,0.04,0.01,28140,
01_track_16,,,,,0.05,0.02,0.00,8532,5.13,4.92,0.19,335368,0.07,0.04,0.02,28596,
01_track_160,0.82,0.74,0.06,72404,0.03,0.01,0.01,7288,1.82,1.71,0.10,207236,0.05,0.03,0.01,24464,
01_track_161,12.96,12.44,0.47,661648,0.05,0.01,0.01,7940,,,,,0.06,0.04,0.01,27964,
01_track_162,,,,,0.04,0.02,0.00,8320,3.78,3.60,0.17,269228,0.06,0.04,0.01,27932,
01_track_163,,,,,0.05,0.01,0.01,7736,3.66,3.48,0.16,250424,0.06,0.04,0.01,27336,
01_track_164,0.91,0.85,0.05,85864,0.04,0.01,0.00,7460,8.01,7.76,0.21,628148,0.05,0.04,0.01,24468,
01_track_165,1.27,1.19,0.06,125820,0.05,0.01,0.00,7860,8.80,8.35,0.41,710028,0.06,0.04,0.01,27836,
01_track_166,1.51,1.43,0.06,183012,0.04,0.02,0.00,7956,33.44,32.58,0.76,771284,0.06,0.05,0.01,28004,
01_track_167,0.77,0.71,0.05,81568,0.05,0.02,0.00,8268,1.80,1.65,0.14,202004,0.05,0.04,0.01,27752,
01_track_168,2.90,2.69,0.18,259576,0.04,0.01,0.00,7276,19.60,19.02,0.51,715192,0.05,0.03,0.01,24456,
01_track_169,1.63,1.51,0.09,149888,0.04,0.01,0.01,8036,2.72,2.58,0.12,257648,0.06,0.04,0.01,27968,
01_track_17,,,,,,,,,10.41,10.15,0.23,708196,0.06,0.04,0.01,28112,
01_track_170,2.53,2.38,0.13,197388,0.04,0.01,0.00,7288,1.86,1.70,0.14,203988,0.05,0.03,0.01,24456,
01_track_171,1.37,1.25,0.09,123828,0.04,0.01,0.00,7516,29.37,28.95,0.34,762064,0.05,0.03,0.01,24476,
01_track_172,1.24,1.18,0.05,118456,0.04,0.02,0.00,7856,3.97,3.82,0.13,260664,0.06,0.04,0.01,27716,
01_track_173,1.61,1.47,0.11,152868,0.04,0.01,0.00,7864,40.63,39.59,0.93,758048,0.06,0.05,0.01,27884,
01_track_174,,,,,,,,,5.90,5.64,0.23,653992,0.07,0.05,0.02,28324,
01_track_175,1.34,1.24,0.07,122696,0.03,0.01,0.00,7296,1.69,1.59,0.09,212024,0.05,0.04,0.01,24468,
01_track_176,0.64,0.58,0.05,65316,0.03,0.01,0.00,6336,1.90,1.79,0.10,216228,0.05,0.03,0.01,24464,
01_track_177,,,,,0.04,0.01,0.01,8052,,,,,0.06,0.05,0.01,28184,
01_track_178,,,,,0.04,0.02,0.00,8332,,,,,0.09,0.07,0.02,29232,
01_track_179,,,,,0.03,0.02,0.00,7520,28.08,27.70,0.31,745368,0.05,0.04,0.01,24464,
01_track_18,12.34,12.10,0.20,662020,0.04,0.01,0.01,7600,18.67,18.28,0.33,736060,0.05,0.03,0.01,24480,
01_track_180,1.32,1.22,0.08,150016,0.03,0.01,0.01,7296,1.64,1.53,0.09,211696,0.05,0.03,0.01,24464,
01_track_181,1.11,1.04,0.05,107308,0.04,0.01,0.00,7516,29.84,29.02,0.73,753264,0.05,0.03,0.01,24464,
01_track_182,0.94,0.87,0.06,89536,0.05,0.02,0.00,8156,4.72,4.55,0.13,273772,0.06,0.04,0.01,27956,
01_track_183,3.19,2.98,0.19,275160,0.04,0.01,0.01,7528,21.80,21.43,0.30,736844,0.05,0.03,0.01,24480,
01_track_184,2.21,2.02,0.16,226648,0.04,0.02,0.00,8032,,,,,0.06,0.04,0.01,27920,
01_track_185,0.85,0.80,0.04,84644,0.04,0.01,0.00,7296,1.60,1.50,0.08,209312,0.05,0.03,0.01,24464,
01_track_186,1.32,1.23,0.05,118436,0.05,0.02,0.00,8060,31.49,31.04,0.36,746564,0.06,0.04,0.02,28144,
01_track_187,1.26,1.16,0.07,116516,0.05,0.02,0.00,8260,2.61,2.49,0.10,221680,0.06,0.04,0.01,27544,
01_track_188,,,,,0.05,0.03,0.00,8648,,,,,0.08,0.05,0.02,29816,
01_track_189,,,,,0.07,0.04,0.01,9352,2.95,2.80,0.13,266528,0.06,0.04,0.01,27552,
01_track_19,0.73,0.68,0.04,89764,0.04,0.01,0.00,7516,4.42,4.29,0.11,265516,0.05,0.03,0.01,24476,
01_track_190,0.77,0.70,0.04,76784,0.05,0.01,0.00,7544,8.51,8.21,0.27,703884,0.05,0.04,0.01,24468,
01_track_191,,,,,0.04,0.02,0.00,8092,3.54,3.38,0.13,268412,0.06,0.04,0.01,27516,
01_track_192,12.42,11.84,0.52,653580,0.05,0.01,0.00,7264,1.99,1.89,0.09,216776,0.05,0.03,0.01,24456,
01_track_193,0.60,0.54,0.05,59384,0.03,0.01,0.00,6316,1.43,1.34,0.08,185196,0.05,0.03,0.00,24444,
01_track_194,,,,,0.06,0.03,0.00,8964,2.38,2.22,0.12,253852,0.06,0.04,0.01,28180,
01_track_195,0.83,0.76,0.05,80444,0.04,0.01,0.00,7852,1.89,1.78,0.10,217208,0.05,0.03,0.01,27716,
01_track_196,1.07,0.98,0.07,98444,0.03,0.01,0.00,7512,21.10,20.68,0.35,739076,0.05,0.03,0.01,24476,
01_track_197,1.22,1.16,0.05,125960,0.07,0.01,0.00,7508,26.10,25.72,0.31,768328,0.05,0.03,0.01,24480,
01_track_198,,,,,0.05,0.01,0.01,8240,27.09,26.67,0.35,752560,0.10,0.08,0.01,30624,
01_track_199,,,,,0.04,0.02,0.01,8212,2.61,2.46,0.10,223756,0.06,0.04,0.01,27868,
01_track_2,0.57,0.52,0.04,63836,0.04,0.02,0.00,7840,2.16,2.05,0.09,217396,0.05,0.04,0.01,27372,
01_track_20,,,,,0.03,0.01,0.00,7812,3.48,3.30,0.15,272784,0.05,0.03,0.01,27280,
01_track_200,0.61,0.54,0.05,58588,0.03,0.01,0.00,6328,1.80,1.70,0.08,211208,0.05,0.03,0.01,24456,
01_track_21,1.11,1.04,0.04,109176,0.05,0.01,0.00,7508,20.27,19.90,0.30,755920,0.05,0.03,0.01,24476,
01_track_22,0.75,0.70,0.03,91412,0.04,0.02,0.00,8172,5.20,5.03,0.14,293020,0.06,0.04,0.01,27768,
01_track_23,,,,,0.06,0.01,0.01,7932,96.12,94.59,0.79,793532,0.05,0.04,0.01,27760,
01_track_24,1.66,1.55,0.07,166852,0.07,0.01,0.01,7928,4.42,4.25,0.15,384736,0.06,0.04,0.02,27892,
01_track_25,,,,,0.05,0.02,0.00,8412,3.32,3.17,0.13,275592,0.07,0.05,0.01,28816,
01_track_26,87.30,86.74,0.29,661892,0.04,0.02,0.01,8116,2.42,2.29,0.11,221076,0.06,0.04,0.01,27520,
01_track_27,0.73,0.65,0.05,70968,0.04,0.01,0.00,7516,4.36,4.21,0.13,260648,0.05,0.03,0.01,24464,
01_track_28,,,,,0.04,0.02,0.00,8276,35.91,35.42,0.39,767420,0.07,0.05,0.01,28288,
01_track_29,1.56,1.44,0.10,141112,0.05,0.02,0.00,7860,8.16,7.71,0.41,702560,0.06,0.04,0.01,27844,
01_track_3,,,,,0.04,0.01,0.00,7720,8.50,8.10,0.37,671328,0.06,0.03,0.02,27408,
01_track_30,2.43,2.22,0.19,379172,0.04,0.02,0.01,8080,3.75,3.54,0.18,247616,0.05,0.03,0.01,27280,
01_track_31,,,,,0.04,0.01,0.01,7444,4.06,3.92,0.12,262656,0.05,0.03,0.01,24468,
01_track_32,1.31,1.21,0.08,109500,0.04,0.01,0.00,7860,2.43,2.28,0.13,260572,0.06,0.04,0.01,27736,
01_track_33,,,,,0.04,0.01,0.01,8068,3.40,3.24,0.14,265880,0.06,0.04,0.01,28228,
01_track_34,1.03,0.96,0.04,98908,0.04,0.02,0.00,8012,2.69,2.49,0.17,254028,0.06,0.04,0.01,27708,
01_track_35,,,,,0.07,0.04,0.01,9372,28.08,27.60,0.39,757700,0.06,0.04,0.01,28088,
01_track_36,,,,,0.04,0.02,0.01,8248,,,,,0.07,0.04,0.02,28344,
01_track_37,1.18,1.07,0.08,112832,0.03,0.01,0.01,7516,22.76,22.33,0.36,764660,0.05,0.03,0.01,24476,
01_track_38,2.09,1.92,0.15,207680,0.04,0.02,0.00,8076,2.83,2.70,0.10,259752,0.06,0.05,0.00,28116,
01_track_39,,,,,0.04,0.02,0.00,7964,63.85,62.97,0.72,814728,0.06,0.04,0.01,27956,
01_track_4,0.81,0.73,0.06,70284,0.03,0.01,0.01,7708,2.08,1.99,0.08,215632,0.05,0.04,0.01,27252,
01_track_40,1.20,1.15,0.05,150760,0.04,0.02,0.00,7884,3.28,3.13,0.12,284892,0.06,0.04,0.01,27736,
01_track_41,,,,,0.04,0.01,0.00,7296,23.87,23.29,0.52,738320,0.05,0.03,0.01,24472,
01_track_42,,,,,,,,,5.56,5.36,0.17,449932,0.06,0.05,0.01,29140,
01_track_43,,,,,,,,,30.21,29.46,0.66,768324,0.10,0.08,0.01,33832,
01_track_44,0.60,0.53,0.05,66064,0.02,0.01,0.00,6320,1.41,1.29,0.11,177920,0.05,0.03,0.01,24444,
01_track_45,1.25,1.14,0.09,124792,0.04,0.02,0.00,7464,30.15,29.25,0.81,827420,0.05,0.03,0.01,24476,
01_track_46,,,,,0.05,0.02,0.00,8112,10.19,9.90,0.25,706416,0.06,0.04,0.01,27804,
01_track_47,1.70,1.60,0.07,176008,0.05,0.02,0.01,8068,2.63,2.50,0.12,252844,0.06,0.04,0.02,28172,
01_track_48,0.92,0.83,0.07,85412,0.04,0.01,0.01,7424,2.39,2.27,0.10,219588,0.05,0.03,0.01,24468,
01_track_49,0.79,0.72,0.06,73492,0.04,0.01,0.00,7296,1.62,1.51,0.09,218764,0.05,0.04,0.01,24452,
01_track_5,0.97,0.90,0.05,90500,0.04,0.01,0.01,7516,19.35,19.00,0.30,737372,0.05,0.04,0.01,24476,
01_track_50,,,,,,,,,,,,,0.15,0.12,0.02,49428,
01_track_51,1.11,1.02,0.06,113304,0.03,0.01,0.00,7516,24.06,23.59,0.40,749216,0.05,0.03,0.01,24476,
01_track_52,1.40,1.27,0.11,133192,0.04,0.01,0.00,7300,1.74,1.64,0.08,213364,0.04,0.03,0.01,24464,
01_track_53,,,,,0.08,0.06,0.00,10196,4.57,4.36,0.18,399680,0.06,0.04,0.01,28392,
01_track_54,,,,,0.04,0.02,0.00,7952,23.68,23.26,0.35,760548,0.06,0.03,0.02,28112,
01_track_55,,,,,0.04,0.02,0.01,8184,5.14,4.93,0.19,479644,0.14,0.09,0.05,39132,
01_track_56,1.72,1.63,0.06,186880,0.03,0.02,0.00,7916,3.27,3.11,0.14,279880,0.06,0.04,0.01,27828,
01_track_57,,,,,0.04,0.01,0.01,7516,10.36,9.99,0.33,723772,0.05,0.04,0.01,24480,
01_track_58,1.28,1.19,0.07,140728,0.05,0.01,0.01,7856,4.12,3.97,0.13,343668,0.06,0.05,0.01,27864,
01_track_59,,,,,0.05,0.02,0.00,8308,5.10,4.91,0.15,325932,0.06,0.04,0.01,27916,
01_track_6,,,,,0.06,0.03,0.00,9072,5.37,5.15,0.19,483292,0.06,0.05,0.01,28824,
01_track_60,,,,,0.05,0.02,0.01,8280,2.73,2.61,0.11,250488,0.07,0.04,0.01,27852,
01_track_61,1.46,1.36,0.09,139076,0.04,0.01,0.00,7284,2.09,1.97,0.10,250232,0.05,0.04,0.00,24456,
01_track_62,0.76,0.71,0.04,95012,0.04,0.01,0.00,7292,1.61,1.51,0.08,213372,0.05,0.03,0.02,24468,
01_track_63,1.62,1.51,0.09,154792,0.04,0.02,0.00,7932,3.97,3.80,0.15,347076,0.06,0.04,0.01,27996,
01_track_64,,,,,0.05,0.02,0.00,8256,59.85,59.16,0.54,766252,0.06,0.04,0.01,27740,
01_track_65,1.52,1.39,0.10,155472,0.05,0.01,0.01,7920,3.23,3.08,0.13,277876,0.06,0.03,0.02,27768,
01_track_66,0.91,0.82,0.06,82808,0.04,0.01,0.00,7840,6.60,6.38,0.18,470260,0.05,0.03,0.01,27696,
01_track_67,3.44,3.28,0.15,357996,0.04,0.02,0.00,7964,7.28,6.99,0.27,712932,0.06,0.04,0.01,28052,
01_track_68,,,,,0.03,0.01,0.00,7284,10.26,9.88,0.34,707312,0.05,0.04,0.01,24468,
01_track_69,,,,,0.04,0.03,0.00,8784,9.25,8.96,0.26,718556,0.07,0.05,0.01,29912,
01_track_7,1.65,1.52,0.09,129896,0.04,0.02,0.00,7920,6.23,5.93,0.28,695776,0.06,0.03,0.01,27984,
01_track_70,,,,,0.04,0.02,0.00,7880,105.08,103.98,0.83,1170824,0.06,0.04,0.01,27724,
01_track_71,0.58,0.52,0.05,64352,0.06,0.03,0.01,8928,2.41,2.25,0.14,241400,0.06,0.04,0.01,28228,
01_track_72,,,,,0.04,0.02,0.00,8024,8.91,8.61,0.26,711380,0.06,0.04,0.01,28124,
01_track_73,,,,,0.03,0.02,0.00,7284,11.56,11.17,0.34,708784,0.05,0.03,0.01,24472,
01_track_74,1.61,1.50,0.10,163168,0.03,0.02,0.00,7860,6.44,6.08,0.33,699092,0.06,0.04,0.01,27956,
01_track_75,,,,,0.04,0.01,0.00,7284,3.78,3.62,0.13,278744,0.05,0.03,0.01,24456,
01_track_76,0.62,0.57,0.04,67828,0.04,0.01,0.00,7488,4.71,4.52,0.16,281820,0.05,0.03,0.01,24468,
01_track_77,,,,,0.05,0.03,0.00,8720,4.60,4.45,0.13,279912,0.13,0.08,0.03,36740,
01_track_78,0.62,0.58,0.04,73564,0.02,0.01,0.01,7296,1.71,1.59,0.09,209184,0.05,0.03,0.01,24464,
01_track_79,,,,,0.03,0.01,0.00,7516,10.60,10.30,0.26,712316,0.05,0.03,0.01,24476,
01_track_8,,,,,0.04,0.02,0.00,7968,3.28,3.10,0.15,253296,0.06,0.04,0.01,27504,
01_track_80,45.63,45.24,0.27,671692,0.04,0.02,0.00,7888,7.30,7.06,0.21,593596,0.06,0.04,0.02,27588,
01_track_81,1.88,1.72,0.14,168396,0.04,0.01,0.01,7772,9.82,9.48,0.30,717252,0.06,0.04,0.01,27796,
01_track_82,,,,,,,,,3.83,3.69,0.12,274188,0.06,0.04,0.01,28088,
01_track_83,0.61,0.56,0.04,68480,0.04,0.01,0.00,7280,1.70,1.59,0.10,212732,0.05,0.03,0.01,24452,
01_track_84,0.98,0.91,0.05,97952,0.04,0.01,0.00,7844,3.11,2.97,0.12,263344,0.06,0.04,0.01,27752,
01_track_85,,,,,0.03,0.02,0.00,7484,9.80,9.44,0.31,717364,0.05,0.03,0.01,24468,
01_track_86,0.79,0.73,0.04,80136,0.05,0.01,0.00,7512,28.42,27.87,0.48,748972,0.05,0.04,0.01,24464,
01_track_87,,,,,0.04,0.01,0.01,8028,4.21,4.07,0.12,290440,0.06,0.04,0.01,28044,
01_track_88,4.24,4.03,0.18,277904,0.10,0.02,0.00,7948,4.10,3.92,0.16,358932,0.06,0.04,0.01,27916,
01_track_89,0.66,0.61,0.05,68812,0.03,0.01,0.01,7292,1.77,1.66,0.10,210824,0.05,0.03,0.02,24452,
01_track_9,1.15,1.08,0.04,108560,0.04,0.01,0.01,7844,5.96,5.65,0.28,571936,0.06,0.04,0.01,27840,
01_track_90,0.89,0.83,0.05,88416,0.02,0.01,0.00,7516,22.63,22.24,0.32,773908,0.05,0.04,0.01,24476,
01_track_91,,,,,0.04,0.01,0.00,7288,10.20,9.83,0.34,723388,0.05,0.03,0.01,24456,
01_track_92,,,,,0.04,0.01,0.01,7452,21.11,20.70,0.35,721976,0.05,0.04,0.01,24468,
01_track_93,,,,,0.04,0.01,0.01,7284,26.63,26.17,0.39,753348,0.05,0.03,0.01,24460,
01_track_94,1.87,1.77,0.07,165508,0.03,0.01,0.01,7288,1.94,1.79,0.13,208216,0.05,0.04,0.01,24468,
01_track_95,,,,,0.04,0.01,0.00,7812,4.27,4.09,0.15,317688,0.05,0.03,0.01,27212,
01_track_96,0.76,0.68,0.06,81148,0.05,0.01,0.01,8064,2.76,2.63,0.11,261608,0.06,0.04,0.01,27992,
01_track_97,0.96,0.89,0.04,96260,0.04,0.01,0.00,7648,2.01,1.91,0.09,216356,0.06,0.04,0.01,27620,
01_track_98,1.72,1.59,0.11,166616,0.04,0.01,0.00,7508,10.34,10.00,0.30,714044,0.05,0.04,0.00,24480,
01_track_99,1.21,1.11,0.08,97464,0.04,0.01,0.01,7520,29.07,28.51,0.47,762704,0.05,0.04,0.00,24480,
02_track_1,,,,,,,,,5.68,5.46,0.17,337212,0.09,0.06,0.02,33272,
02_track_2,,,,,,,,,,,,,1.82,1.57,0.24,272792,
02_track_3,,,,,,,,,,,,,15.92,13.90,1.97,1684552,
02_track_4,,,,,,,,,,,,,,,,,
02_track_5,,,,,,,,,3.89,3.73,0.14,271220,0.06,0.04,0.01,27888,
02_track_6,,,,,,,,,69.61,68.19,0.91,780440,0.29,0.23,0.05,66068,
02_track_7,,,,,,,,,,,,,,,,,
02_track_8,17.52,16.82,0.65,651844,0.06,0.02,0.00,8444,2.19,2.09,0.09,214608,0.06,0.04,0.01,27412,
02_track_9,,,,,,,,,,,,,,,,,
03_track_1,,,,,0.06,0.03,0.00,8176,2.36,2.24,0.11,233748,0.05,0.03,0.01,24208,
03_track_10,1.03,0.91,0.10,90320,0.08,0.04,0.00,8176,1.95,1.84,0.09,207396,0.05,0.03,0.01,24212,
03_track_100,,,,,0.04,0.02,0.00,7992,2.13,2.01,0.10,245688,0.06,0.03,0.02,27456,
03_track_101,,,,,0.04,0.02,0.01,8032,2.52,2.39,0.12,251192,0.06,0.04,0.01,27484,
03_track_102,3.17,2.83,0.31,514412,0.04,0.02,0.01,8020,2.16,2.02,0.12,213224,0.06,0.04,0.01,27548,
03_track_103,55.55,54.56,0.84,661408,0.04,0.02,0.00,7596,1.83,1.71,0.10,211748,0.06,0.04,0.01,27228,
03_track_104,0.73,0.67,0.04,65036,0.04,0.01,0.00,7800,1.81,1.69,0.10,211080,0.06,0.04,0.01,27304,
03_track_105,0.64,0.59,0.04,72368,0.05,0.01,0.00,7800,1.84,1.71,0.11,211012,0.05,0.04,0.01,27300,
03_track_106,0.75,0.68,0.05,71184,0.04,0.01,0.01,7800,1.90,1.76,0.13,206020,0.05,0.04,0.00,27300,
03_track_107,1.16,1.06,0.07,115784,0.05,0.02,0.00,7956,2.10,1.97,0.11,216408,0.05,0.04,0.01,27400,
03_track_108,0.99,0.92,0.05,103828,0.04,0.02,0.00,7936,1.98,1.87,0.10,216708,0.05,0.03,0.01,27344,
03_track_109,,,,,0.05,0.03,0.01,8780,22.50,22.06,0.37,768268,0.06,0.05,0.01,27768,
03_track_11,0.69,0.63,0.04,69324,0.06,0.03,0.00,9232,1.39,1.30,0.08,183452,0.05,0.04,0.01,26020,
03_track_110,,,,,,,,,2.24,2.11,0.12,206192,0.06,0.04,0.01,27436,
03_track_111,,,,,0.05,0.02,0.01,8176,2.32,2.22,0.08,219776,0.05,0.03,0.02,27464,
03_track_112,0.78,0.70,0.06,72476,0.05,0.02,0.00,8384,2.25,2.14,0.09,225604,0.06,0.04,0.01,28088,
03_track_113,0.59,0.53,0.05,58212,0.06,0.03,0.00,8796,21.02,20.63,0.32,741820,0.05,0.04,0.01,27816,
03_track_114,0.60,0.55,0.04,66432,0.03,0.01,0.01,8040,2.11,1.97,0.13,208848,0.05,0.03,0.01,27488,
03_track_115,0.51,0.46,0.04,59540,0.05,0.03,0.00,8492,2.39,2.28,0.09,229436,0.06,0.04,0.01,27908,
03_track_116,0.60,0.54,0.04,64036,0.04,0.03,0.00,8452,2.38,2.25,0.11,247656,0.05,0.03,0.01,27808,
03_track_117,0.67,0.59,0.06,73552,0.05,0.03,0.01,8688,3.02,2.88,0.12,265148,0.06,0.04,0.01,28172,
03_track_118,0.58,0.53,0.05,58316,0.06,0.03,0.00,9084,2.25,2.15,0.09,219844,0.06,0.04,0.01,28104,
03_track_119,,,,,0.06,0.03,0.00,8604,2.85,2.72,0.11,263612,0.06,0.04,0.01,27888,
03_track_12,0.71,0.63,0.04,66300,0.06,0.03,0.00,8176,1.51,1.41,0.09,185868,0.05,0.03,0.01,24204,
03_track_120,9.43,9.19,0.21,639304,0.05,0.02,0.00,8216,2.08,1.97,0.09,216960,0.05,0.04,0.01,27532,
03_track_121,,,,,0.21,0.19,0.01,13400,59.54,58.55,0.82,777552,0.07,0.05,0.01,28708,
03_track_122,,,,,0.07,0.04,0.00,9104,6.24,6.05,0.16,383912,0.06,0.04,0.01,28156,
03_track_123,,,,,0.08,0.04,0.01,9236,57.66,56.64,0.87,761452,0.06,0.05,0.01,28640,
03_track_124,,,,,0.05,0.02,0.00,8300,27.38,26.92,0.38,751296,0.05,0.03,0.01,27780,
03_track_125,,,,,0.06,0.04,0.00,8976,29.80,29.30,0.41,761036,0.06,0.04,0.01,28140,
03_track_126,0.72,0.64,0.05,71032,0.03,0.02,0.00,7800,1.66,1.55,0.10,210976,0.06,0.04,0.01,27292,
03_track_127,0.74,0.68,0.05,74184,0.04,0.01,0.01,7800,1.67,1.57,0.09,210868,0.05,0.04,0.01,27300,
03_track_128,8.50,8.26,0.20,648656,0.04,0.02,0.00,8128,2.12,2.02,0.09,226652,0.05,0.04,0.01,27428,
03_track_129,1.09,1.01,0.07,99888,0.04,0.02,0.01,8196,2.21,2.11,0.09,219780,0.06,0.04,0.01,27672,
03_track_13,0.66,0.59,0.04,60852,0.05,0.03,0.00,8176,1.57,1.46,0.10,188688,0.05,0.03,0.01,24204,
03_track_130,,,,,0.05,0.03,0.00,8632,2.62,2.50,0.11,260768,0.06,0.04,0.01,27972,
03_track_131,,,,,0.07,0.04,0.01,9488,20.69,20.30,0.32,747260,0.05,0.04,0.01,28688,
03_track_132,0.52,0.46,0.04,59560,0.06,0.03,0.01,9188,2.88,2.73,0.12,270700,0.07,0.05,0.01,28736,
03_track_133,0.70,0.63,0.04,68780,0.07,0.03,0.00,8968,3.92,3.76,0.14,262264,0.05,0.03,0.01,27512,
03_track_134,0.70,0.63,0.05,72980,0.04,0.03,0.00,8764,20.67,20.26,0.34,738816,0.06,0.04,0.01,28080,
03_track_135,0.70,0.64,0.04,73116,0.05,0.02,0.01,8720,3.05,2.90,0.12,267244,0.06,0.04,0.01,28064,
03_track_136,1.64,1.55,0.07,212340,0.08,0.05,0.01,10052,,,,,0.07,0.04,0.02,28876,
03_track_137,,,,,0.06,0.03,0.01,9132,5.32,5.15,0.14,308620,0.06,0.04,0.01,28244,
03_track_138,,,,,0.10,0.08,0.01,10620,,,,,0.07,0.05,0.01,28732,
03_track_139,,,,,0.15,0.12,0.00,11912,,,,,0.08,0.06,0.01,30268,
03_track_14,0.64,0.58,0.05,61208,0.07,0.03,0.00,9232,1.41,1.32,0.08,184584,0.05,0.03,0.01,26020,
03_track_140,,,,,0.10,0.07,0.01,10308,,,,,0.07,0.04,0.02,28828,
03_track_141,18.66,18.34,0.24,650692,0.05,0.02,0.00,8116,2.29,2.16,0.10,220088,0.06,0.04,0.01,27536,
03_track_142,,,,,0.17,0.15,0.01,12508,,,,,0.09,0.06,0.01,29892,
03_track_143,,,,,0.14,0.11,0.01,11436,,,,,0.09,0.06,0.02,35172,
03_track_144,0.74,0.66,0.05,71324,0.04,0.02,0.00,7800,1.63,1.53,0.08,212744,0.05,0.03,0.01,27292,
03_track_145,,,,,0.18,0.16,0.00,12792,,,,,77.98,68.05,9.73,12007740,
03_track_146,,,,,0.08,0.05,0.00,9544,3.47,3.32,0.11,276636,0.07,0.05,0.01,28776,
03_track_147,2.69,2.52,0.14,515044,0.04,0.02,0.00,8020,2.16,2.04,0.10,245572,0.06,0.04,0.01,27548,
03_track_148,,,,,0.05,0.02,0.00,8432,2.12,2.01,0.09,216400,0.06,0.04,0.01,27744,
03_track_149,0.62,0.56,0.05,60084,0.06,0.03,0.00,8988,3.20,3.07,0.10,265172,0.06,0.04,0.01,28044,
03_track_15,0.57,0.51,0.05,57760,0.06,0.03,0.01,8176,1.72,1.62,0.08,191032,0.05,0.03,0.01,24208,
03_track_150,1.31,1.21,0.08,134700,0.10,0.06,0.01,9768,49.55,48.81,0.56,762744,0.07,0.05,0.01,28764,
03_track_151,0.62,0.56,0.05,58368,,,,,,,,,0.08,0.06,0.01,30100,
03_track_152,4.12,3.81,0.28,541608,0.15,0.13,0.00,12108,,,,,0.10,0.07,0.02,33748,
03_track_153,0.52,0.47,0.04,59520,0.15,0.13,0.00,12228,87.73,86.44,1.07,790364,0.08,0.05,0.02,29708,
03_track_154,,,,,,,,,,,,,0.07,0.05,0.01,28780,
03_track_155,,,,,0.12,0.08,0.01,10908,,,,,0.14,0.10,0.03,53440,
03_track_156,,,,,0.14,0.11,0.00,11756,,,,,0.07,0.06,0.01,29584,
03_track_157,,,,,0.10,0.07,0.00,10488,,,,,0.07,0.05,0.02,29464,
03_track_158,,,,,0.08,0.03,0.00,8924,5.58,5.36,0.20,327944,0.06,0.05,0.01,28472,
03_track_159,96.38,94.80,1.31,662940,0.06,0.02,0.01,8348,21.52,20.83,0.60,738880,0.06,0.04,0.01,27732,
03_track_16,,,,,0.08,0.04,0.01,9496,1.51,1.39,0.11,183744,0.06,0.04,0.01,26284,
03_track_160,,,,,0.05,0.03,0.00,8736,3.36,3.15,0.18,247592,0.06,0.04,0.01,27832,
03_track_161,,,,,0.05,0.02,0.00,8480,2.89,2.71,0.16,248568,0.06,0.04,0.01,27892,
03_track_162,,,,,0.05,0.03,0.00,8728,3.00,2.82,0.17,236416,0.06,0.04,0.01,27884,
03_track_163,0.60,0.56,0.04,64456,0.06,0.05,0.01,9956,3.89,3.68,0.19,252856,0.08,0.06,0.01,30636,
03_track_164,0.59,0.55,0.04,64060,0.06,0.04,0.00,9084,2.93,2.75,0.16,265068,0.06,0.04,0.01,28136,
03_track_165,,,,,0.05,0.04,0.00,8936,6.46,6.17,0.25,404916,0.06,0.04,0.02,28384,
03_track_166,,,,,0.10,0.06,0.01,10184,,,,,0.07,0.05,0.01,29040,
03_track_167,,,,,0.08,0.06,0.01,10012,,,,,0.09,0.06,0.02,31704,
03_track_168,,,,,0.06,0.05,0.00,9412,24.81,24.39,0.34,740552,0.06,0.05,0.01,28516,
03_track_169,,,,,0.11,0.09,0.00,11112,56.88,55.79,0.93,789360,0.07,0.06,0.01,29836,
03_track_17,0.67,0.61,0.04,60956,0.04,0.02,0.00,9232,1.53,1.43,0.09,183376,0.05,0.03,0.01,26020,
03_track_170,0.51,0.46,0.04,58628,0.10,0.07,0.01,10352,20.77,20.39,0.32,744564,0.06,0.05,0.01,28868,
03_track_171,,,,,0.08,0.05,0.00,9396,116.98,116.07,0.61,830032,0.06,0.04,0.01,28668,
03_track_172,,,,,0.09,0.07,0.01,10672,,,,,0.06,0.04,0.02,28488,
03_track_173,,,,,0.09,0.06,0.01,10528,113.66,112.81,0.56,790620,0.06,0.04,0.01,28636,
03_track_174,,,,,0.20,0.18,0.01,13040,26.57,26.15,0.35,766528,0.09,0.06,0.02,31780,
03_track_175,,,,,0.10,0.07,0.00,10696,,,,,0.06,0.04,0.01,28812,
03_track_176,,,,,0.07,0.05,0.00,9836,21.95,21.47,0.41,745600,0.06,0.05,0.01,28660,
03_track_177,0.77,0.70,0.04,70052,0.05,0.01,0.00,6316,1.58,1.48,0.08,194888,0.05,0.03,0.01,24476,
03_track_178,,,,,0.10,0.06,0.01,9976,38.07,37.58,0.38,768516,0.07,0.05,0.01,28732,
03_track_179,,,,,0.07,0.04,0.00,9104,5.90,5.72,0.15,380012,0.06,0.04,0.01,28220,
03_track_18,0.60,0.56,0.03,66120,0.05,0.03,0.00,8176,1.56,1.46,0.08,195456,0.05,0.03,0.01,24204,
03_track_180,0.83,0.74,0.06,69776,0.04,0.02,0.00,8688,29.14,28.57,0.49,750364,0.06,0.04,0.01,27976,
03_track_181,73.32,72.22,0.92,657744,0.05,0.03,0.00,8668,20.41,19.79,0.56,738540,0.06,0.04,0.01,27840,
03_track_182,,,,,,,,,,,,,0.10,0.07,0.02,33312,
03_track_183,,,,,0.06,0.04,0.00,8972,,,,,0.06,0.04,0.01,28512,
03_track_184,,,,,0.05,0.02,0.00,8476,2.51,2.38,0.12,268956,0.07,0.04,0.01,27876,
03_track_185,3.29,2.92,0.35,623880,0.05,0.02,0.00,8044,1.97,1.86,0.10,218368,0.05,0.03,0.01,27560,
03_track_186,,,,,0.09,0.05,0.00,9408,21.87,21.44,0.36,737820,0.06,0.04,0.01,28472,
03_track_187,,,,,0.20,0.17,0.01,12508,,,,,0.08,0.06,0.01,31632,
03_track_188,0.59,0.55,0.03,66100,0.05,0.02,0.00,8040,2.14,2.01,0.11,238984,0.06,0.04,0.01,27488,
03_track_189,,,,,0.13,0.10,0.01,11640,,,,,0.09,0.06,0.02,30844,
03_track_19,1.66,1.51,0.12,162944,0.06,0.03,0.00,8176,1.71,1.58,0.11,203012,0.05,0.03,0.01,24204,
03_track_190,1.98,1.83,0.13,196792,0.10,0.08,0.00,10828,,,,,0.07,0.05,0.01,28832,
03_track_191,,,,,0.10,0.08,0.01,11228,,,,,0.07,0.05,0.01,29124,
03_track_192,0.62,0.56,0.05,58772,0.10,0.08,0.00,10480,,,,,0.07,0.05,0.01,29404,
03_track_193,0.52,0.48,0.03,60004,0.08,0.05,0.01,9936,33.10,32.35,0.66,760948,0.06,0.04,0.01,28424,
03_track_194,66.04,64.89,0.98,660180,0.04,0.02,0.00,8020,1.96,1.82,0.12,213000,0.05,0.04,0.01,27492,
03_track_195,,,,,0.15,0.14,0.00,12324,,,,,0.07,0.05,0.02,29860,
03_track_196,,,,,0.19,0.16,0.01,12384,,,,,0.08,0.05,0.02,30184,
03_track_197,51.92,50.88,0.90,661376,0.04,0.02,0.00,7896,2.17,2.04,0.10,242416,0.05,0.04,0.01,27196,
03_track_198,0.92,0.83,0.07,102808,0.04,0.02,0.01,7980,1.98,1.88,0.09,217888,0.05,0.04,0.01,27476,
03_track_199,,,,,0.13,0.11,0.00,11196,,,,,0.09,0.06,0.02,30840,
03_track_2,,,,,0.06,0.03,0.00,8176,2.10,1.98,0.09,232684,0.05,0.03,0.01,24208,
03_track_20,3.28,3.02,0.22,299928,0.06,0.03,0.00,8176,1.77,1.65,0.10,199588,0.05,0.04,0.01,24200,
03_track_200,,,,,0.29,0.26,0.01,12676,,,,,0.09,0.07,0.01,33308,
03_track_21,1.53,1.41,0.09,162472,0.06,0.03,0.01,8176,1.92,1.78,0.13,196976,0.05,0.03,0.01,24204,
03_track_22,36.08,35.71,0.24,682060,0.08,0.03,0.01,8176,1.73,1.58,0.13,191328,0.05,0.03,0.01,24204,
03_track_23,0.50,0.43,0.05,59864,0.06,0.04,0.00,8176,1.76,1.63,0.11,190740,0.05,0.03,0.01,24204,
03_track_24,0.76,0.70,0.05,72720,0.07,0.04,0.01,9812,1.68,1.55,0.11,187404,0.05,0.03,0.02,26716,
03_track_25,0.64,0.59,0.04,67316,0.06,0.03,0.00,8176,1.91,1.78,0.12,197480,0.05,0.03,0.01,24208,
03_track_26,,,,,0.05,0.03,0.01,8176,2.14,2.04,0.08,210068,0.05,0.04,0.01,24212,
03_track_27,,,,,0.07,0.03,0.01,8176,2.40,2.26,0.13,207776,0.05,0.03,0.01,24212,
03_track_28,,,,,0.07,0.03,0.01,8176,3.07,2.93,0.11,278388,0.05,0.04,0.00,24212,
03_track_29,0.59,0.53,0.05,66500,0.05,0.03,0.01,8176,2.01,1.90,0.09,206712,0.05,0.03,0.01,24208,
03_track_3,,,,,0.06,0.03,0.01,8176,2.52,2.35,0.15,226520,0.05,0.03,0.01,24212,
03_track_30,5.63,5.45,0.16,642184,0.06,0.03,0.00,8176,2.02,1.91,0.09,209092,0.05,0.03,0.01,24212,
03_track_31,2.99,2.79,0.17,336488,0.06,0.03,0.00,8176,1.84,1.73,0.09,203172,0.05,0.03,0.01,24204,
03_track_32,,,,,0.06,0.03,0.00,8176,2.18,2.06,0.09,217684,0.05,0.03,0.01,24212,
03_track_33,49.25,48.12,0.94,789988,0.06,0.03,0.00,8176,2.02,1.87,0.13,199308,0.05,0.03,0.01,24212,
03_track_34,10.10,9.62,0.43,652484,0.08,0.03,0.01,8176,2.07,1.96,0.07,209800,0.05,0.03,0.01,24212,
03_track_35,18.16,17.61,0.50,714940,0.07,0.03,0.00,8176,2.09,1.98,0.09,211060,0.05,0.03,0.01,24208,
03_track_36,,,,,0.06,0.03,0.00,8176,2.16,2.05,0.08,213644,0.05,0.03,0.01,24212,
03_track_37,6.37,5.96,0.37,548340,0.05,0.03,0.00,8176,1.94,1.81,0.11,194440,0.05,0.03,0.01,24204,
03_track_38,90.40,89.39,0.77,777884,0.05,0.03,0.01,8176,1.90,1.79,0.09,206768,0.05,0.03,0.01,24204,
03_track_39,,,,,0.05,0.03,0.00,8176,2.38,2.24,0.11,237516,0.05,0.03,0.01,24212,
03_track_4,,,,,0.06,0.03,0.01,8176,2.50,2.37,0.11,243812,0.05,0.03,0.01,24212,
03_track_40,0.60,0.55,0.04,66096,0.05,0.03,0.01,8176,2.03,1.88,0.12,201484,0.05,0.04,0.00,24212,
03_track_41,1.29,1.21,0.05,127824,0.06,0.03,0.00,8176,1.88,1.77,0.09,206172,0.05,0.03,0.01,24204,
03_track_42,1.79,1.69,0.08,202948,0.05,0.03,0.00,8176,1.86,1.75,0.08,199192,0.05,0.03,0.01,24208,
03_track_43,0.67,0.58,0.05,60260,0.06,0.03,0.00,8176,1.57,1.48,0.08,188452,0.05,0.04,0.00,24204,
03_track_44,0.63,0.58,0.03,66148,0.06,0.03,0.00,8176,2.24,2.06,0.16,208420,0.05,0.03,0.01,24212,
03_track_45,,,,,,,,,2.86,2.73,0.12,246612,,,,,
03_track_46,,,,,,,,,,,,,,,,,
03_track_47,,,,,,,,,5.99,5.78,0.18,381736,0.07,0.04,0.01,28188,
03_track_48,,,,,,,,,,,,,0.35,0.28,0.06,85280,
03_track_49,,,,,,,,,116.66,115.11,1.26,836308,0.06,0.05,0.01,28688,
03_track_5,7.30,6.52,0.41,554708,0.05,0.03,0.00,8176,2.09,1.97,0.10,232248,0.05,0.03,0.01,24208,
03_track_50,,,,,,,,,,,,,0.14,0.10,0.03,48432,
03_track_51,,,,,,,,,3.69,3.54,0.13,267592,0.07,0.04,0.02,28760,
03_track_52,,,,,,,,,26.25,25.80,0.37,749736,0.06,0.04,0.01,27840,
03_track_53,,,,,0.08,0.03,0.00,8896,3.08,2.93,0.13,251836,0.06,0.04,0.02,27832,
03_track_54,0.65,0.59,0.05,60064,,,,,28.18,27.77,0.33,744064,,,,,
03_track_55,0.59,0.55,0.03,64116,,,,,3.90,3.74,0.14,263464,0.06,0.04,0.01,27808,
03_track_56,,,,,0.06,0.03,0.01,8872,3.05,2.91,0.12,252740,0.07,0.04,0.01,27956,
03_track_57,,,,,,,,,,,,,0.09,0.06,0.02,33540,
03_track_58,0.59,0.53,0.05,64392,,,,,,,,,,,,,
03_track_59,,,,,,,,,,,,,1.83,1.56,0.25,341056,
03_track_6,80.99,80.52,0.26,745456,0.08,0.03,0.01,8176,2.23,2.12,0.10,248988,0.06,0.03,0.01,24208,
03_track_60,,,,,,,,,,,,,,,,,
03_track_61,,,,,,,,,,,,,,,,,
03_track_62,,,,,,,,,3.75,3.61,0.12,261888,1.73,1.55,0.17,271428,
03_track_63,,,,,,,,,68.04,67.09,0.77,802200,0.07,0.05,0.01,30292,
03_track_64,,,,,,,,,7.99,7.76,0.19,591672,0.06,0.05,0.01,28232,
03_track_65,0.63,0.58,0.04,66228,,,,,,,,,0.75,0.61,0.12,195396,
03_track_66,,,,,,,,,,,,,,,,,
03_track_67,,,,,,,,,,,,,0.12,0.08,0.03,35156,
03_track_68,,,,,,,,,,,,,0.08,0.05,0.01,30196,
03_track_69,,,,,,,,,,,,,0.08,0.06,0.01,29980,
03_track_7,0.66,0.62,0.03,70728,0.05,0.03,0.01,8176,1.61,1.50,0.10,193616,0.05,0.04,0.01,24208,
03_track_70,,,,,,,,,101.36,99.72,1.27,774100,0.06,0.04,0.01,28076,
03_track_71,,,,,,,,,3.26,3.12,0.12,274748,0.06,0.04,0.01,28020,
03_track_72,7.54,7.28,0.21,673380,,,,,,,,,0.07,0.05,0.01,29644,
03_track_73,0.63,0.58,0.04,66308,,,,,,,,,0.07,0.05,0.01,29984,
03_track_74,0.59,0.53,0.04,64040,,,,,,,,,0.37,0.28,0.07,101772,
03_track_75,,,,,,,,,,,,,,,,,
03_track_76,,,,,,,,,,,,,0.07,0.05,0.01,29600,
03_track_77,,,,,0.09,0.06,0.00,10292,,,,,0.06,0.05,0.01,29008,
03_track_78,,,,,,,,,,,,,,,,,
03_track_79,,,,,0.07,0.04,0.01,9700,,,,,0.07,0.05,0.01,29016,
03_track_8,0.69,0.62,0.04,70348,0.06,0.03,0.00,7968,1.42,1.32,0.09,185912,0.04,0.03,0.01,24208,
03_track_80,0.62,0.58,0.03,66432,0.03,0.01,0.01,7228,1.52,1.42,0.09,190996,0.04,0.03,0.01,24456,
03_track_81,,,,,,,,,5.35,5.12,0.20,500496,0.07,0.04,0.01,29336,
03_track_82,,,,,0.14,0.12,0.00,12252,,,,,0.09,0.07,0.01,32492,
03_track_83,,,,,0.14,0.11,0.01,11016,,,,,0.07,0.05,0.01,30380,
03_track_84,,,,,0.14,0.12,0.01,11304,,,,,0.08,0.05,0.02,29960,
03_track_85,,,,,0.06,0.03,0.00,8844,4.45,4.29,0.13,283864,0.06,0.04,0.01,28600,
03_track_86,,,,,0.06,0.03,0.00,8936,39.16,38.43,0.62,758028,0.05,0.04,0.01,27900,
03_track_87,,,,,0.06,0.03,0.01,9064,110.53,109.66,0.59,785828,0.06,0.05,0.01,28272,
03_track_88,,,,,0.07,0.05,0.00,9320,36.90,36.06,0.73,764456,0.07,0.05,0.01,28592,
03_track_89,25.66,25.33,0.26,661080,0.04,0.02,0.00,8108,1.94,1.79,0.13,208024,0.06,0.04,0.01,27344,
03_track_9,0.99,0.82,0.10,77216,0.05,0.03,0.01,8176,1.80,1.66,0.12,193860,0.05,0.03,0.01,24212,
03_track_90,5.89,5.67,0.18,632844,0.04,0.02,0.00,8076,2.34,2.17,0.16,237964,0.05,0.04,0.01,27412,
03_track_91,0.78,0.70,0.05,71488,0.03,0.02,0.00,7796,1.69,1.55,0.13,201356,0.05,0.03,0.01,27260,
03_track_92,3.62,3.42,0.18,631976,0.08,0.02,0.00,8200,2.27,2.14,0.11,210432,0.06,0.04,0.01,28108,
03_track_93,1.79,1.67,0.10,287456,0.04,0.02,0.00,7868,2.08,1.98,0.09,213476,0.06,0.04,0.01,28124,
03_track_94,0.76,0.71,0.05,71056,0.04,0.02,0.00,7796,1.85,1.68,0.10,210952,0.06,0.04,0.01,27300,
03_track_95,0.69,0.64,0.04,71012,0.03,0.02,0.00,7796,1.79,1.67,0.10,211048,0.05,0.03,0.01,27300,
03_track_96,1.01,0.94,0.05,109476,0.09,0.02,0.00,7984,2.02,1.93,0.08,215220,0.05,0.04,0.01,27476,
03_track_97,9.97,9.71,0.19,640084,0.05,0.02,0.00,8084,1.98,1.89,0.08,212760,0.06,0.04,0.01,27332,
03_track_98,0.62,0.55,0.04,66472,0.04,0.01,0.01,7964,1.86,1.75,0.09,214804,0.05,0.03,0.01,27452,
03_track_99,0.60,0.55,0.04,67388,0.04,0.02,0.00,8200,2.08,1.97,0.09,220448,0.05,0.04,0.01,27440,
04_track_1,0.63,0.57,0.04,67368,0.03,0.01,0.00,6284,1.32,1.24,0.07,180544,0.05,0.03,0.01,24316,
04_track_10,2.41,2.28,0.09,219560,0.13,0.10,0.01,16360,8.77,8.45,0.28,689084,0.05,0.04,0.01,24860,
04_track_100,7.49,7.15,0.28,651276,0.05,0.02,0.01,8792,3.23,3.07,0.13,272604,0.05,0.03,0.01,24532,
04_track_101,,,,,0.15,0.08,0.01,14776,6.36,6.10,0.23,553324,0.05,0.04,0.01,24692,
04_track_102,1.96,1.86,0.08,199920,0.07,0.04,0.01,10024,3.56,3.36,0.17,320904,0.04,0.03,0.00,24408,
04_track_103,1.85,1.73,0.11,145868,0.07,0.05,0.00,10816,3.73,3.53,0.17,337388,0.05,0.03,0.01,24432,
04_track_104,1.19,1.09,0.08,100356,0.08,0.04,0.01,10288,7.53,7.14,0.35,695172,0.07,0.05,0.01,28472,
04_track_105,1.02,0.93,0.06,89440,0.08,0.05,0.01,10816,2.77,2.63,0.12,265148,0.05,0.03,0.01,24384,
04_track_106,,,,,0.94,0.91,0.01,28364,,,,,3.53,2.76,0.75,294000,
04_track_107,0.86,0.80,0.05,75180,0.10,0.07,0.01,11876,3.61,3.45,0.13,270904,0.05,0.04,0.01,24544,
04_track_108,2.46,2.36,0.08,260076,0.11,0.07,0.00,11872,7.61,7.28,0.30,624232,0.05,0.04,0.01,24776,
04_track_109,1.63,1.54,0.08,152636,0.08,0.05,0.00,10552,4.89,4.59,0.28,400612,0.05,0.04,0.01,24540,
04_track_11,3.93,3.79,0.12,452408,0.63,0.59,0.01,25640,9.83,9.48,0.31,710384,0.05,0.03,0.01,25060,
04_track_110,2.42,2.34,0.06,162676,4.13,4.06,0.02,27612,93.24,91.49,1.52,1729728,16.89,12.86,3.98,1092436,
04_track_111,,,,,0.73,0.70,0.01,22296,40.24,39.27,0.86,956808,1.86,1.43,0.41,181336,
04_track_112,0.81,0.74,0.05,92372,0.20,0.17,0.01,14776,5.70,5.44,0.23,340944,0.18,0.14,0.03,42068,
04_track_113,1.50,1.40,0.07,223120,0.07,0.04,0.01,9760,3.35,3.22,0.12,296784,0.05,0.03,0.01,24404,
04_track_114,,,,,0.04,0.01,0.00,7624,23.48,22.79,0.63,750416,0.04,0.03,0.01,24492,
04_track_115,,,,,0.61,0.56,0.02,25204,50.59,49.97,0.50,1077080,2.61,2.02,0.58,325316,
04_track_116,1.64,1.51,0.09,131264,0.08,0.05,0.01,10288,4.72,4.55,0.14,407892,0.05,0.03,0.01,24524,
04_track_117,2.79,2.66,0.10,278468,0.22,0.18,0.01,18836,,,,,0.05,0.03,0.01,24772,
04_track_118,1.62,1.53,0.06,127472,0.17,0.14,0.01,17600,35.05,34.12,0.83,850572,0.05,0.04,0.01,24788,
04_track_119,2.25,2.12,0.11,285732,0.67,0.63,0.01,21088,3.62,3.48,0.11,282456,0.09,0.07,0.01,31488,
04_track_12,,,,,0.59,0.54,0.02,27100,48.50,47.80,0.57,1182680,0.06,0.04,0.01,25048,
04_track_120,2.49,2.40,0.06,170524,0.66,0.62,0.02,27012,9.18,8.90,0.24,705692,0.05,0.04,0.01,24940,
04_track_121,,,,,0.77,0.73,0.02,22568,29.35,28.84,0.41,955524,,,,,
04_track_122,0.68,0.62,0.05,67532,0.06,0.02,0.01,8000,1.86,1.73,0.11,222936,0.04,0.03,0.01,24492,
04_track_123,2.63,2.50,0.10,266684,0.11,0.06,0.01,11388,5.43,5.14,0.26,449356,0.05,0.04,0.00,24556,
04_track_124,7.70,7.50,0.18,571528,0.42,0.39,0.01,18120,8.65,8.39,0.21,571032,0.05,0.03,0.01,24632,
04_track_125,1.35,1.25,0.07,115316,0.04,0.01,0.00,7508,9.95,9.50,0.41,703160,0.05,0.03,0.01,24476,
04_track_126,1.65,1.59,0.05,123764,0.37,0.32,0.01,20336,8.02,7.77,0.22,696564,0.05,0.04,0.00,24892,
04_track_127,27.77,27.48,0.21,740092,1.25,1.22,0.01,29600,64.22,63.09,0.96,1367336,8.29,6.97,1.29,769448,
04_track_128,,,,,0.80,0.74,0.02,29436,11.72,11.32,0.36,724300,0.07,0.05,0.02,25232,
04_track_129,1.59,1.46,0.11,173076,0.07,0.04,0.01,9496,3.17,3.03,0.11,281768,0.05,0.03,0.01,24404,
04_track_13,,,,,0.11,0.07,0.01,12748,4.46,4.29,0.15,329768,0.18,0.13,0.04,40040,
04_track_130,1.37,1.29,0.05,116664,0.11,0.09,0.00,13888,5.10,4.89,0.18,401492,0.05,0.04,0.01,24676,
04_track_131,1.99,1.89,0.09,188452,0.06,0.03,0.01,9760,2.94,2.83,0.09,266736,0.05,0.03,0.01,24368,
04_track_132,2.11,1.99,0.09,228556,0.10,0.08,0.00,10664,3.09,2.96,0.12,255140,0.06,0.04,0.01,27900,
04_track_133,1.13,1.05,0.06,112076,0.04,0.01,0.00,8056,3.29,3.11,0.15,277388,0.05,0.04,0.01,27852,
04_track_134,,,,,0.16,0.13,0.01,13424,44.23,43.65,0.45,867692,0.28,0.21,0.06,46064,
04_track_135,1.44,1.36,0.06,155548,0.18,0.14,0.02,17520,22.08,21.58,0.43,761640,0.05,0.03,0.01,24708,
04_track_136,,,,,0.70,0.67,0.01,21056,23.90,23.44,0.38,849792,0.07,0.05,0.02,28276,
04_track_137,,,,,0.42,0.38,0.02,24604,,,,,2.59,1.77,0.80,210452,
04_track_138,3.18,3.04,0.12,365448,0.16,0.13,0.01,16040,9.27,9.00,0.23,749784,0.05,0.04,0.01,24952,
04_track_139,,,,,0.69,0.65,0.02,31592,9.61,9.32,0.25,728728,0.06,0.04,0.01,25052,
04_track_14,1.82,1.73,0.06,118228,6.32,6.23,0.03,35332,64.62,63.86,0.58,1218372,9.72,7.68,2.00,313848,
04_track_140,1.43,1.34,0.07,98792,0.11,0.07,0.01,12400,5.20,5.01,0.16,470296,0.05,0.03,0.01,24572,
04_track_141,1.07,0.99,0.06,88452,0.06,0.02,0.00,7988,3.53,3.38,0.14,320224,0.05,0.03,0.01,24584,
04_track_142,0.99,0.91,0.05,77844,0.08,0.05,0.01,10796,3.48,3.31,0.15,288072,0.05,0.04,0.01,24556,
04_track_143,2.34,2.24,0.08,233548,0.03,0.02,0.00,8376,3.20,3.06,0.11,291736,0.05,0.04,0.00,24540,
04_track_144,1.54,1.44,0.09,130820,0.05,0.03,0.01,9496,2.39,2.28,0.10,248780,0.05,0.03,0.01,24320,
04_track_145,,,,,0.38,0.34,0.01,19276,11.18,10.77,0.37,721892,0.06,0.04,0.01,24752,
04_track_146,1.74,1.60,0.09,123516,0.14,0.11,0.01,17152,5.56,5.38,0.15,497432,0.05,0.04,0.01,24620,
04_track_147,4.74,4.37,0.34,443268,0.06,0.04,0.00,9760,2.74,2.61,0.11,250136,0.05,0.03,0.01,24356,
04_track_148,,,,,0.06,0.04,0.01,10140,8.70,8.27,0.39,636380,0.05,0.03,0.01,24532,
04_track_149,0.72,0.66,0.04,69052,0.07,0.02,0.00,8568,2.79,2.59,0.18,261092,0.05,0.03,0.01,24516,
04_track_15,1.46,1.37,0.06,113152,1.09,1.02,0.01,22188,30.02,29.56,0.37,914400,0.31,0.25,0.05,50544,
04_track_150,2.32,2.19,0.11,190176,0.13,0.10,0.00,15568,7.60,7.38,0.19,498364,0.05,0.04,0.01,24608,
04_track_151,,,,,0.07,0.06,0.00,11420,4.09,3.95,0.13,294788,0.13,0.10,0.02,34540,
04_track_152,1.56,1.48,0.06,135816,0.16,0.13,0.01,17960,4.96,4.67,0.25,386652,0.05,0.03,0.01,24500,
04_track_153,0.69,0.63,0.03,69808,0.05,0.01,0.01,7972,2.33,2.21,0.10,238616,0.05,0.03,0.01,24496,
04_track_154,1.30,1.23,0.05,119544,0.07,0.04,0.00,9496,4.18,4.02,0.14,357156,0.06,0.04,0.01,24452,
04_track_155,,,,,0.74,0.68,0.03,34400,13.83,13.51,0.26,725640,0.06,0.04,0.01,25252,
04_track_156,0.74,0.69,0.04,71732,0.05,0.02,0.01,8108,2.83,2.66,0.16,262612,0.05,0.04,0.01,24512,
04_track_157,1.32,1.24,0.05,129612,0.07,0.05,0.00,9776,3.71,3.52,0.18,305520,0.05,0.03,0.01,24432,
04_track_158,0.57,0.52,0.04,67620,0.06,0.03,0.01,8996,3.00,2.81,0.18,276372,0.07,0.05,0.01,28864,
04_track_159,1.23,1.15,0.07,125388,0.11,0.09,0.00,13484,4.35,4.16,0.16,375220,0.05,0.03,0.01,24476,
04_track_16,2.90,2.81,0.07,190060,1.46,1.39,0.02,30576,17.18,16.82,0.30,799604,0.07,0.05,0.01,25428,
04_track_160,,,,,0.07,0.05,0.00,10288,4.50,4.28,0.19,390900,0.05,0.04,0.01,24480,
04_track_161,,,,,0.07,0.04,0.01,10552,3.66,3.50,0.13,276148,0.05,0.04,0.01,24332,
04_track_162,1.80,1.71,0.07,218744,0.05,0.02,0.00,8416,13.17,12.74,0.38,701884,0.06,0.04,0.01,28248,
04_track_163,,,,,0.90,0.86,0.02,34856,,,,,0.06,0.04,0.01,25268,
04_track_164,1.91,1.80,0.09,220960,0.16,0.13,0.01,16836,6.71,6.47,0.21,448332,0.06,0.04,0.01,28084,
04_track_165,1.58,1.50,0.06,153372,0.35,0.32,0.01,18172,6.06,5.88,0.15,338184,0.08,0.05,0.01,28892,
04_track_166,1.76,1.65,0.09,144304,0.32,0.27,0.01,20848,8.22,7.81,0.38,680464,0.05,0.03,0.01,24812,
04_track_167,1.61,1.53,0.06,115856,0.24,0.20,0.01,17212,6.49,6.12,0.32,545840,0.05,0.04,0.01,24652,
04_track_168,3.02,2.86,0.11,313304,0.34,0.30,0.01,23500,8.18,7.92,0.22,608380,0.05,0.04,0.01,24908,
04_track_169,1.67,1.60,0.06,115272,2.05,2.00,0.02,21492,36.15,35.65,0.40,1004620,1.40,1.10,0.28,105924,
04_track_17,1.41,1.34,0.05,123292,0.08,0.05,0.01,11080,4.12,3.97,0.13,344656,0.05,0.03,0.01,24456,
04_track_170,1.09,1.03,0.05,82740,1.32,1.28,0.02,20544,24.67,23.96,0.63,996828,1.87,1.60,0.26,109640,
04_track_171,,,,,0.33,0.29,0.01,17804,,,,,0.81,0.59,0.21,80868,
04_track_172,0.60,0.54,0.04,66372,0.05,0.01,0.00,7308,1.78,1.64,0.12,208976,0.05,0.03,0.01,24456,
04_track_173,1.70,1.60,0.07,165988,0.08,0.06,0.01,11400,3.20,3.06,0.11,300656,0.05,0.04,0.01,24404,
04_track_174,1.71,1.61,0.08,123892,0.89,0.86,0.01,21788,10.27,9.98,0.25,715612,0.39,0.33,0.06,54448,
04_track_175,1.05,0.97,0.05,101092,0.06,0.03,0.00,9832,2.94,2.81,0.12,269704,0.06,0.04,0.01,28252,
04_track_176,,,,,0.76,0.71,0.02,34204,56.92,55.74,1.03,1149068,5.66,3.96,1.68,483952,
04_track_177,1.67,1.57,0.07,122992,0.24,0.21,0.01,21452,7.59,7.38,0.18,569416,0.05,0.03,0.01,24888,
04_track_178,0.74,0.68,0.05,82940,0.09,0.03,0.01,9496,1.89,1.78,0.09,205000,0.04,0.03,0.01,24296,
04_track_179,1.41,1.35,0.04,106980,1.12,1.08,0.01,18748,31.76,31.25,0.41,992536,2.67,2.27,0.38,137648,
04_track_18,,,,,0.06,0.02,0.01,8668,2.57,2.41,0.13,255480,0.05,0.03,0.01,27700,
04_track_180,1.68,1.59,0.07,152456,0.12,0.09,0.00,15040,5.66,5.46,0.17,503008,0.05,0.03,0.01,24632,
04_track_181,2.77,2.65,0.09,251576,0.40,0.36,0.01,21660,7.89,7.62,0.24,699396,0.05,0.04,0.01,24828,
04_track_182,0.84,0.78,0.04,74420,0.19,0.15,0.01,13872,4.22,3.98,0.21,297652,0.24,0.18,0.05,38424,
04_track_183,2.03,1.94,0.06,152732,0.36,0.32,0.01,24280,7.09,6.84,0.22,693212,0.05,0.04,0.01,24800,
04_track_184,0.78,0.72,0.03,69188,0.07,0.04,0.01,10660,2.69,2.57,0.10,247876,0.05,0.03,0.01,24512,
04_track_185,,,,,0.55,0.50,0.02,25388,32.71,32.17,0.44,938288,0.06,0.04,0.01,24948,
04_track_186,,,,,1.08,1.03,0.03,29564,50.00,49.27,0.60,1176680,5.15,3.90,1.23,599188,
04_track_187,41.02,40.65,0.25,763504,0.09,0.06,0.01,12664,4.80,4.61,0.16,409896,0.05,0.04,0.00,24520,
04_track_188,1.22,1.13,0.06,115668,0.07,0.04,0.00,10288,4.09,3.93,0.12,315140,0.05,0.04,0.01,27996,
04_track_189,,,,,0.71,0.66,0.02,30828,,,,,4.81,3.30,1.49,363976,
04_track_19,1.22,1.14,0.06,109316,0.07,0.04,0.01,10036,3.01,2.85,0.12,284988,0.05,0.03,0.01,24380,
04_track_190,1.76,1.67,0.06,146368,0.11,0.08,0.00,12928,5.68,5.49,0.17,471288,0.05,0.03,0.01,24600,
04_track_191,2.78,2.64,0.11,290996,0.07,0.05,0.00,10344,2.65,2.53,0.09,257796,0.05,0.03,0.01,24360,
04_track_192,1.55,1.47,0.06,154996,1.89,1.84,0.02,23916,5.87,5.68,0.16,356604,0.28,0.22,0.05,43624,
04_track_193,1.50,1.40,0.07,96656,0.74,0.60,0.02,19732,7.75,7.48,0.23,532592,0.05,0.04,0.01,24688,
04_track_194,,,,,0.54,0.51,0.01,24552,7.03,6.67,0.28,639012,0.06,0.03,0.01,24712,
04_track_195,0.99,0.94,0.04,89156,0.09,0.01,0.00,6340,1.39,1.30,0.08,200208,0.05,0.03,0.01,24480,
04_track_196,,,,,0.04,0.02,0.00,8012,2.33,2.15,0.16,222308,0.06,0.04,0.01,27652,
04_track_197,1.13,1.06,0.05,88508,0.18,0.14,0.01,15412,4.06,3.92,0.12,330744,0.05,0.03,0.01,24556,
04_track_198,,,,,0.16,0.14,0.01,14216,5.10,4.94,0.14,305976,0.05,0.03,0.01,24628,
04_track_199,,,,,1.83,1.79,0.01,28040,85.82,84.12,1.48,1680064,9.50,7.47,2.00,1136940,
04_track_2,1.12,1.05,0.05,87880,0.04,0.01,0.00,7472,2.39,2.27,0.10,233676,0.05,0.03,0.00,24500,
04_track_20,1.09,1.03,0.05,88236,0.05,0.03,0.00,8952,3.77,3.58,0.14,297644,0.05,0.03,0.01,24580,
04_track_200,1.02,0.83,0.07,66036,0.17,0.13,0.01,13584,3.55,3.37,0.16,279000,0.12,0.09,0.02,34020,
04_track_21,1.31,1.22,0.05,98812,0.07,0.04,0.01,10024,4.03,3.87,0.13,332260,0.05,0.04,0.00,24448,
04_track_22,,,,,1.50,1.46,0.02,39868,15.89,15.48,0.36,893780,0.06,0.05,0.00,25448,
04_track_23,1.30,1.23,0.05,125296,0.06,0.04,0.00,9516,2.35,2.23,0.10,226528,0.04,0.03,0.00,24328,
04_track_24,2.88,2.76,0.10,292616,0.14,0.11,0.01,15568,5.54,5.34,0.17,490048,0.06,0.04,0.01,24616,
04_track_25,2.32,2.22,0.07,205140,0.08,0.05,0.01,11080,4.78,4.53,0.18,417132,0.05,0.03,0.01,24544,
04_track_26,1.25,1.19,0.04,88764,1.68,1.31,0.02,19148,26.81,26.13,0.60,852948,2.99,2.41,0.57,122280,
04_track_27,,,,,0.07,0.05,0.00,10836,50.35,49.77,0.45,965736,0.07,0.05,0.02,28940,
04_track_28,,,,,1.01,0.98,0.01,23952,38.38,37.89,0.38,954028,0.06,0.04,0.01,24892,
04_track_29,1.88,1.79,0.07,184304,0.03,0.02,0.00,7628,2.25,2.13,0.09,232976,0.05,0.04,0.00,24488,
04_track_3,0.65,0.58,0.05,61768,0.04,0.02,0.00,8380,1.85,1.74,0.10,225012,0.05,0.04,0.01,24492,
04_track_30,1.23,1.16,0.05,135788,0.04,0.02,0.00,7876,2.48,2.33,0.13,235516,0.05,0.04,0.00,24508,
04_track_31,3.80,3.66,0.12,475312,0.14,0.11,0.01,16624,5.83,5.55,0.25,461064,0.05,0.03,0.01,24616,
04_track_32,,,,,0.04,0.03,0.00,8884,7.05,6.82,0.19,419700,0.05,0.04,0.01,28184,
04_track_33,1.37,1.26,0.06,113408,0.08,0.05,0.00,10816,4.50,4.26,0.21,369064,0.06,0.04,0.02,24508,
04_track_34,1.10,1.01,0.06,83268,0.14,0.11,0.01,12660,4.86,4.70,0.14,342768,0.24,0.17,0.06,43144,
04_track_35,1.15,1.07,0.06,116000,0.05,0.02,0.00,7704,3.55,3.29,0.21,314264,0.06,0.03,0.02,24548,
04_track_36,1.14,1.06,0.05,93940,0.08,0.06,0.01,12388,4.46,4.21,0.23,337532,0.06,0.04,0.01,24604,
04_track_37,1.91,1.81,0.06,144248,0.54,0.50,0.02,27644,8.61,8.33,0.24,697884,0.08,0.04,0.02,24896,
04_track_38,,,,,2.48,2.44,0.02,38344,95.29,94.29,0.76,1636824,21.38,11.28,5.33,991100,
04_track_39,0.91,0.84,0.05,72740,0.05,0.02,0.00,8188,2.51,2.38,0.11,237304,0.06,0.03,0.02,24496,
04_track_4,,,,,0.15,0.12,0.01,15084,3.64,3.49,0.13,327096,0.05,0.04,0.01,24376,
04_track_40,,,,,0.66,0.64,0.01,22916,55.54,54.00,1.11,1109188,3.23,2.16,1.05,248204,
04_track_41,2.12,2.05,0.06,191096,0.39,0.35,0.01,25192,8.98,8.73,0.21,710984,0.06,0.04,0.01,24972,
04_track_42,1.28,1.20,0.06,108172,0.08,0.06,0.00,11960,4.60,4.32,0.26,327596,0.05,0.04,0.01,24668,
04_track_43,0.76,0.70,0.04,81888,0.03,0.02,0.00,7984,5.40,5.23,0.14,323484,0.05,0.04,0.01,24564,
04_track_44,2.22,2.08,0.11,351996,0.05,0.04,0.00,9496,2.50,2.39,0.09,233800,0.05,0.04,0.01,24340,
04_track_45,4.76,4.52,0.21,641848,0.08,0.05,0.01,11080,3.41,3.19,0.20,302472,0.05,0.03,0.01,24420,
04_track_46,,,,,0.32,0.28,0.01,21904,9.63,9.26,0.33,851020,0.07,0.04,0.02,24980,
04_track_47,1.72,1.63,0.07,161808,0.16,0.14,0.01,18208,5.29,5.10,0.16,453616,0.05,0.04,0.01,24552,
04_track_48,,,,,0.60,0.55,0.02,22848,50.69,49.86,0.70,1246920,5.27,4.19,1.06,715424,
04_track_49,,,,,0.09,0.07,0.01,12432,,,,,0.21,0.14,0.06,38212,
04_track_5,0.89,0.83,0.05,75800,0.03,0.01,0.00,7472,2.81,2.67,0.12,277628,0.05,0.03,0.01,24508,
04_track_50,1.44,1.36,0.06,116484,0.16,0.13,0.01,16568,5.32,5.09,0.20,496724,0.05,0.04,0.01,24604,
04_track_51,1.86,1.76,0.08,170480,0.06,0.04,0.00,9760,2.50,2.36,0.11,240764,0.05,0.03,0.01,24352,
04_track_52,,,,,0.07,0.06,0.00,11612,4.58,4.41,0.15,397736,0.05,0.03,0.01,24512,
04_track_53,,,,,2.24,2.18,0.04,55052,20.30,19.93,0.31,850724,0.08,0.06,0.01,25928,
04_track_54,0.90,0.85,0.03,73416,0.10,0.07,0.01,13292,4.15,3.99,0.13,349364,0.05,0.03,0.01,24572,
04_track_55,1.09,1.01,0.06,96112,2.07,2.03,0.01,24392,22.41,21.87,0.47,835748,1.65,0.86,0.65,90504,
04_track_56,3.97,3.81,0.14,352728,0.07,0.04,0.01,10024,4.77,4.60,0.14,397284,0.06,0.03,0.02,24492,
04_track_57,1.34,1.24,0.07,96220,0.09,0.07,0.00,13456,4.95,4.72,0.20,380980,0.08,0.04,0.03,24496,
04_track_58,1.08,1.02,0.04,78200,0.05,0.04,0.00,9808,3.56,3.37,0.17,285716,0.52,0.03,0.04,24556,
04_track_59,1.16,1.06,0.06,104276,0.07,0.04,0.01,10024,2.85,2.71,0.11,264156,0.31,0.03,0.03,24340,
04_track_6,0.89,0.83,0.04,80968,0.07,0.03,0.00,9172,2.96,2.81,0.12,271088,0.75,0.04,0.04,24516,
04_track_60,3.18,3.05,0.11,379136,0.06,0.03,0.01,9268,2.09,1.98,0.10,218372,0.49,0.03,0.03,24292,
04_track_61,2.14,2.03,0.08,203024,0.13,0.09,0.01,14776,5.81,5.52,0.26,471184,0.51,0.03,0.03,24608,
04_track_62,0.94,0.86,0.06,83308,0.18,0.15,0.00,14328,4.92,4.74,0.15,313120,0.97,0.13,0.07,37244,
04_track_63,,,,,0.85,0.81,0.01,33268,94.74,92.79,1.71,1280460,7.02,4.16,1.81,423424,
04_track_64,3.46,3.32,0.12,360952,0.09,0.06,0.01,11872,5.46,5.29,0.14,459444,0.07,0.04,0.00,24572,
04_track_65,0.93,0.87,0.05,79788,0.03,0.02,0.00,7632,2.16,2.04,0.10,229948,0.08,0.04,0.01,24500,
04_track_66,0.93,0.87,0.04,77232,0.16,0.12,0.01,13840,5.39,5.12,0.24,330196,0.19,0.13,0.03,37332,
04_track_67,2.06,1.93,0.08,201936,0.04,0.03,0.00,8548,4.96,4.79,0.13,353540,0.09,0.04,0.01,24648,
04_track_68,2.38,2.27,0.08,167952,0.57,0.54,0.01,17144,6.95,6.70,0.21,640472,0.06,0.04,0.01,24548,
04_track_69,1.91,1.73,0.10,129832,0.20,0.16,0.01,19528,7.53,7.25,0.23,566988,0.10,0.04,0.01,24660,
04_track_7,,,,,0.03,0.01,0.00,7288,2.16,2.04,0.10,239604,0.07,0.03,0.01,24492,
04_track_70,2.27,1.93,0.12,161660,0.08,0.06,0.00,11344,4.38,4.21,0.15,381476,0.06,0.04,0.01,24504,
04_track_71,1.75,1.64,0.09,110916,0.21,0.19,0.01,18636,7.52,7.25,0.23,643240,0.07,0.04,0.01,24824,
04_track_72,1.88,1.72,0.13,137720,0.07,0.05,0.01,10552,3.62,3.49,0.12,322688,0.06,0.04,0.01,24428,
04_track_73,1.36,1.28,0.06,149372,0.04,0.01,0.01,8080,3.58,3.42,0.15,278780,0.07,0.04,0.01,27836,
04_track_74,1.52,1.43,0.07,128900,0.15,0.12,0.01,17684,5.08,4.90,0.16,477104,0.06,0.04,0.01,24568,
04_track_75,3.00,2.89,0.10,256916,1.33,1.28,0.02,20068,31.43,30.57,0.77,1064732,8.45,6.47,1.94,260004,
04_track_76,,,,,0.33,0.30,0.01,21376,6.34,6.12,0.18,583592,0.07,0.04,0.00,24672,
04_track_77,1.43,1.36,0.05,114004,0.09,0.06,0.00,11344,4.96,4.77,0.15,422940,0.07,0.04,0.01,24596,
04_track_78,1.57,1.49,0.07,137932,0.08,0.05,0.01,11344,5.90,5.71,0.16,456064,0.07,0.03,0.01,24540,
04_track_79,4.31,4.15,0.13,482724,0.37,0.33,0.02,26432,10.55,10.03,0.48,723248,0.08,0.04,0.00,24944,
04_track_8,0.72,0.67,0.04,71892,0.03,0.01,0.00,6272,3.68,3.54,0.11,228140,0.06,0.03,0.01,24316,
04_track_80,2.89,2.76,0.12,314704,0.06,0.05,0.00,10024,3.33,3.19,0.11,298656,0.07,0.04,0.01,24384,
04_track_81,1.59,1.51,0.06,145208,0.07,0.05,0.01,11080,5.80,5.59,0.18,460548,0.11,0.04,0.01,24580,
04_track_82,1.29,1.20,0.06,116056,0.10,0.06,0.01,12136,5.19,5.03,0.13,430508,0.07,0.03,0.01,24568,
04_track_83,,,,,0.08,0.05,0.00,10328,6.36,6.17,0.16,435452,0.07,0.04,0.01,24536,
04_track_84,1.97,1.89,0.05,161248,0.37,0.33,0.01,21584,8.40,8.13,0.23,699608,0.07,0.03,0.02,24828,
04_track_85,6.03,5.68,0.31,420464,0.31,0.28,0.01,21904,6.56,6.30,0.23,602188,0.06,0.04,0.01,24692,
04_track_86,3.91,3.72,0.15,200352,1.55,1.50,0.02,31996,17.11,16.62,0.42,892652,0.11,0.05,0.01,25376,
04_track_87,2.00,1.84,0.14,208048,0.04,0.01,0.00,7856,2.87,2.70,0.13,266492,0.07,0.03,0.01,24524,
04_track_88,2.29,2.17,0.08,150792,0.68,0.65,0.02,26300,11.06,10.76,0.26,763276,0.07,0.05,0.01,25100,
04_track_89,3.56,3.33,0.20,414484,0.16,0.14,0.01,17008,6.71,6.47,0.20,566884,0.07,0.04,0.01,24720,
04_track_9,,,,,0.13,0.10,0.01,13328,6.23,5.98,0.22,466496,0.27,0.18,0.07,40776,
04_track_90,1.78,1.70,0.06,131032,0.16,0.12,0.01,15636,9.08,8.72,0.33,836636,0.07,0.03,0.01,24932,
04_track_91,,,,,0.08,0.05,0.01,10600,2.96,2.79,0.13,270944,0.08,0.04,0.01,26104,
04_track_92,3.35,3.22,0.11,395476,0.06,0.04,0.00,9524,2.69,2.57,0.10,243280,0.07,0.03,0.01,24352,
04_track_93,0.65,0.59,0.04,66224,0.03,0.01,0.00,7296,1.90,1.78,0.10,223200,0.07,0.03,0.01,24456,
04_track_94,3.43,3.29,0.11,366896,0.05,0.02,0.00,8480,,,,,0.08,0.04,0.01,27940,
04_track_95,2.01,1.90,0.08,175480,0.13,0.10,0.01,15832,5.93,5.73,0.17,506404,0.06,0.03,0.01,24648,
04_track_96,1.20,1.12,0.06,90076,0.06,0.04,0.00,10024,3.42,3.24,0.12,307264,0.07,0.04,0.01,24404,
04_track_97,0.97,0.90,0.05,80020,0.05,0.03,0.00,9288,3.22,3.08,0.12,284888,0.05,0.04,0.00,24536,
04_track_98,1.14,1.08,0.05,88128,0.07,0.03,0.00,8176,1.99,1.88,0.09,211896,0.06,0.03,0.01,24428,
04_track_99,,,,,1.54,1.49,0.02,46156,,,,,13.37,9.29,4.02,1029252,
