benchmark_0001.smt2, str.replace_all,str.contains,=
benchmark_0002.smt2, str.replace_all,str.contains,=
benchmark_0003.smt2, str.replace_all,str.contains,=
benchmark_0004.smt2, str.replace_all,str.contains,=
benchmark_0005.smt2, str.replace_all,str.contains,=
benchmark_0006.smt2, str.replace_all,str.contains,=
benchmark_0007.smt2, str.replace_all,str.contains,=
benchmark_0008.smt2, str.replace_all,str.contains,=
benchmark_0009.smt2, str.replace_all,str.contains,=
benchmark_0010.smt2, str.replace_all,str.contains,=
benchmark_0011.smt2, str.replace_all,str.contains,=
benchmark_0012.smt2, str.replace_all,str.contains,=
benchmark_0013.smt2, str.replace_all,str.contains,=
benchmark_0014.smt2, str.replace_all,str.contains,=
benchmark_0015.smt2, str.replace_all,str.contains,=
benchmark_0016.smt2, str.replace_all,str.contains,=
benchmark_0017.smt2, str.replace_all,str.contains,=
benchmark_0018.smt2, str.replace_all,str.contains,=
benchmark_0019.smt2, str.replace_all,str.contains,=
benchmark_0020.smt2, str.replace_all,str.contains,=
benchmark_0021.smt2, str.replace_all,str.contains,=
benchmark_0022.smt2, str.replace_all,str.contains,=
benchmark_0023.smt2, str.replace_all,str.contains,=
benchmark_0024.smt2, str.replace_all,str.contains,=
benchmark_0025.smt2, str.replace_all,str.contains,=
benchmark_0026.smt2, str.replace_all,str.contains,=
benchmark_0027.smt2, str.replace_all,str.contains,=
benchmark_0028.smt2, str.replace_all,str.contains,=
benchmark_0029.smt2, str.replace_all,str.contains,=
benchmark_0030.smt2, str.replace_all,str.contains,=
benchmark_0031.smt2, str.replace_all,str.contains,=
benchmark_0032.smt2, str.replace_all,str.contains,=
benchmark_0033.smt2, str.replace_all,str.contains,=
benchmark_0034.smt2, str.replace_all,str.contains,=
benchmark_0035.smt2, str.replace_all,str.contains,=
benchmark_0036.smt2, str.replace_all,str.contains,=
benchmark_0037.smt2, str.replace_all,str.contains,=
benchmark_0038.smt2, str.replace_all,str.contains,=
benchmark_0039.smt2, str.replace_all,str.contains,=
benchmark_0040.smt2, str.replace_all,str.contains,=
benchmark_0041.smt2, str.replace_all,str.contains,=
benchmark_0042.smt2, str.replace_all,str.contains,=
benchmark_0043.smt2, str.replace_all,str.contains,=
benchmark_0044.smt2, str.replace_all,str.contains,=
benchmark_0045.smt2, str.replace_all,str.contains,=
benchmark_0046.smt2, str.replace_all,str.contains,=
benchmark_0047.smt2, str.replace_all,str.contains,=
benchmark_0048.smt2, str.replace_all,str.contains,=
benchmark_0049.smt2, str.replace_all,str.contains,=
benchmark_0050.smt2, str.replace_all,str.contains,=
benchmark_0051.smt2, str.replace_all,str.contains,=
benchmark_0052.smt2, str.replace_all,str.contains,=
benchmark_0053.smt2, str.replace_all,str.contains,=
benchmark_0054.smt2, str.replace_all,str.contains,=
benchmark_0055.smt2, str.replace_all,str.contains,=
benchmark_0056.smt2, str.replace_all,str.contains,=
benchmark_0057.smt2, str.replace_all,str.contains,=
benchmark_0058.smt2, str.replace_all,str.contains,=
benchmark_0059.smt2, str.replace_all,str.contains,=
benchmark_0060.smt2, str.replace_all,str.contains,=
benchmark_0061.smt2, str.replace_all,str.contains,=
benchmark_0062.smt2, str.replace_all,str.contains,=
benchmark_0063.smt2, str.replace_all,str.contains,=
benchmark_0064.smt2, str.replace_all,str.contains,=
benchmark_0065.smt2, str.replace_all,str.contains,=
benchmark_0066.smt2, str.replace_all,str.contains,=
benchmark_0067.smt2, str.replace_all,str.contains,=
benchmark_0068.smt2, str.replace_all,str.contains,=
benchmark_0069.smt2, str.replace_all,str.contains,=
benchmark_0070.smt2, str.replace_all,str.contains,=
benchmark_0071.smt2, str.replace_all,str.contains,=
benchmark_0072.smt2, str.replace_all,str.contains,=
benchmark_0073.smt2, str.replace_all,str.contains,=
benchmark_0074.smt2, str.replace_all,str.contains,=
benchmark_0075.smt2, str.replace_all,str.contains,=
benchmark_0076.smt2, str.replace_all,str.contains,=
benchmark_0077.smt2, str.replace_all,str.contains,=
benchmark_0078.smt2, str.replace_all,str.contains,=
benchmark_0079.smt2, str.replace_all,str.contains,=
benchmark_0080.smt2, str.replace_all,str.contains,=
benchmark_0081.smt2, str.replace_all,str.contains,=
benchmark_0082.smt2, str.replace_all,str.contains,=
benchmark_0083.smt2, str.replace_all,str.contains,=
benchmark_0084.smt2, str.replace_all,str.contains,=
benchmark_0085.smt2, str.replace_all,str.contains,=
benchmark_0086.smt2, str.replace_all,str.contains,=
benchmark_0087.smt2, str.replace_all,str.contains,=
benchmark_0088.smt2, str.replace_all,str.contains,=
benchmark_0089.smt2, str.replace_all,str.contains,=
benchmark_0090.smt2, str.replace_all,str.contains,=
benchmark_0091.smt2, str.replace_all,str.contains,=
benchmark_0092.smt2, str.replace_all,str.contains,=
benchmark_0093.smt2, str.replace_all,str.contains,=
benchmark_0094.smt2, str.replace_all,str.contains,=
benchmark_0095.smt2, str.replace_all,str.contains,=
benchmark_0096.smt2, str.replace_all,str.contains,=
benchmark_0097.smt2, str.replace_all,str.contains,=
benchmark_0098.smt2, str.replace_all,str.contains,=
benchmark_0099.smt2, str.replace_all,str.contains,=
benchmark_0100.smt2, str.replace_all,str.contains,=
benchmark_0101.smt2, str.replace_all,str.contains,=
benchmark_0102.smt2, str.replace_all,str.contains,=
benchmark_0103.smt2, str.replace_all,str.contains,=
benchmark_0104.smt2, str.replace_all,str.contains,=
benchmark_0105.smt2, str.replace_all,str.contains,=
benchmark_0106.smt2, str.replace_all,str.contains,=
benchmark_0107.smt2, str.replace_all,str.contains,=
benchmark_0108.smt2, str.replace_all,str.contains,=
benchmark_0109.smt2, str.replace_all,str.contains,=
benchmark_0110.smt2, str.replace_all,str.contains,=
benchmark_0111.smt2, str.replace_all,str.contains,=
benchmark_0112.smt2, str.replace_all,str.contains,=
benchmark_0113.smt2, str.replace_all,str.contains,=
benchmark_0114.smt2, str.replace_all,str.contains,=
benchmark_0115.smt2, str.replace_all,str.contains,=
benchmark_0116.smt2, str.replace_all,str.contains,=
benchmark_0117.smt2, str.replace_all,str.contains,=
benchmark_0118.smt2, str.replace_all,str.contains,=
benchmark_0119.smt2, str.replace_all,str.contains,=
benchmark_0120.smt2, str.replace_all,str.contains,=
benchmark_0121.smt2, str.replace_all,str.contains,=
benchmark_0122.smt2, str.replace_all,str.contains,=
benchmark_0123.smt2, str.replace_all,str.contains,=
benchmark_0124.smt2, str.replace_all,str.contains,=
benchmark_0125.smt2, str.replace_all,str.contains,=
benchmark_0126.smt2, str.replace_all,str.contains,=
benchmark_0127.smt2, str.replace_all,str.contains,=
benchmark_0128.smt2, str.replace_all,str.contains,=
benchmark_0129.smt2, str.replace_all,str.contains,=
benchmark_0130.smt2, str.replace_all,str.contains,=
benchmark_0131.smt2, str.replace_all,str.contains,=
benchmark_0132.smt2, str.replace_all,str.contains,=
benchmark_0133.smt2, str.replace_all,str.contains,=
benchmark_0134.smt2, str.replace_all,str.contains,=
benchmark_0135.smt2, str.replace_all,str.contains,=
benchmark_0136.smt2, str.replace_all,str.contains,=
benchmark_0137.smt2, str.replace_all,str.contains,=
benchmark_0138.smt2, str.replace_all,str.contains,=
benchmark_0139.smt2, str.replace_all,str.contains,=
benchmark_0140.smt2, str.replace_all,str.contains,=
benchmark_0141.smt2, str.replace_all,str.contains,=
benchmark_0142.smt2, str.replace_all,str.contains,=
benchmark_0143.smt2, str.replace_all,str.contains,=
benchmark_0144.smt2, str.replace_all,str.contains,=
benchmark_0145.smt2, str.replace_all,str.contains,=
benchmark_0146.smt2, str.replace_all,str.contains,=
benchmark_0147.smt2, str.replace_all,str.contains,=
benchmark_0148.smt2, str.replace_all,str.contains,=
benchmark_0149.smt2, str.replace_all,str.contains,=
benchmark_0150.smt2, str.replace_all,str.contains,=
benchmark_0151.smt2, str.replace_all,str.contains,=
benchmark_0152.smt2, str.replace_all,str.contains,=
benchmark_0153.smt2, str.replace_all,str.contains,=
benchmark_0154.smt2, str.replace_all,str.contains,=
benchmark_0155.smt2, str.replace_all,str.contains,=
benchmark_0156.smt2, str.replace_all,str.contains,=
benchmark_0157.smt2, str.replace_all,str.contains,=
benchmark_0158.smt2, str.replace_all,str.contains,=
benchmark_0159.smt2, str.replace_all,str.contains,=
benchmark_0160.smt2, str.replace_all,str.contains,=
benchmark_0161.smt2, str.replace_all,str.contains,=
benchmark_0162.smt2, str.replace_all,str.contains,=
benchmark_0163.smt2, str.replace_all,str.contains,=
benchmark_0164.smt2, str.replace_all,str.contains,=
benchmark_0165.smt2, str.replace_all,str.contains,=
benchmark_0166.smt2, str.replace_all,str.contains,=
benchmark_0167.smt2, str.replace_all,str.contains,=
benchmark_0168.smt2, str.replace_all,str.contains,=
benchmark_0169.smt2, str.replace_all,str.contains,=
benchmark_0170.smt2, str.replace_all,str.contains,=
benchmark_0171.smt2, str.replace_all,str.contains,=
benchmark_0172.smt2, str.replace_all,str.contains,=
benchmark_0173.smt2, str.replace_all,str.contains,=
benchmark_0174.smt2, str.replace_all,str.contains,=
benchmark_0175.smt2, str.replace_all,str.contains,=
benchmark_0176.smt2, str.replace_all,str.contains,=
benchmark_0177.smt2, str.replace_all,str.contains,=
benchmark_0178.smt2, str.replace_all,str.contains,=
benchmark_0179.smt2, str.replace_all,str.contains,=
benchmark_0180.smt2, str.replace_all,str.contains,=
benchmark_0181.smt2, str.replace_all,str.contains,=
benchmark_0182.smt2, str.replace_all,str.contains,=
benchmark_0183.smt2, str.replace_all,str.contains,=
benchmark_0184.smt2, str.replace_all,str.contains,=
benchmark_0185.smt2, str.replace_all,str.contains,=
benchmark_0186.smt2, str.replace_all,str.contains,=
benchmark_0187.smt2, str.replace_all,str.contains,=
benchmark_0188.smt2, str.replace_all,str.contains,=
benchmark_0189.smt2, str.replace_all,str.contains,=
benchmark_0190.smt2, str.replace_all,str.contains,=
benchmark_0191.smt2, str.replace_all,str.contains,=
benchmark_0192.smt2, str.replace_all,str.contains,=
benchmark_0193.smt2, str.replace_all,str.contains,=
benchmark_0194.smt2, str.replace_all,str.contains,=
benchmark_0195.smt2, str.replace_all,str.contains,=
benchmark_0196.smt2, str.replace_all,str.contains,=
benchmark_0197.smt2, str.replace_all,str.contains,=
benchmark_0198.smt2, str.replace_all,str.contains,=
benchmark_0199.smt2, str.replace_all,str.contains,=
benchmark_0200.smt2, str.replace_all,str.contains,=
benchmark_0201.smt2, str.replace_all,str.contains,=
benchmark_0202.smt2, str.replace_all,str.contains,=
benchmark_0203.smt2, str.replace_all,str.contains,=
benchmark_0204.smt2, str.replace_all,str.contains,=
benchmark_0205.smt2, str.replace_all,str.contains,=
benchmark_0206.smt2, str.replace_all,str.contains,=
benchmark_0207.smt2, str.replace_all,str.contains,=
benchmark_0208.smt2, str.replace_all,str.contains,=
benchmark_0209.smt2, str.replace_all,str.contains,=
benchmark_0210.smt2, str.replace_all,str.contains,=
benchmark_0211.smt2, str.replace_all,str.contains,=
benchmark_0212.smt2, str.replace_all,str.contains,=
benchmark_0213.smt2, str.replace_all,str.contains,=
benchmark_0214.smt2, str.replace_all,str.contains,=
benchmark_0215.smt2, str.replace_all,str.contains,=
benchmark_0216.smt2, str.replace_all,str.contains,=
benchmark_0217.smt2, str.replace_all,str.contains,=
benchmark_0218.smt2, str.replace_all,str.contains,=
benchmark_0219.smt2, str.replace_all,str.contains,=
benchmark_0220.smt2, str.replace_all,str.contains,=
benchmark_0221.smt2, str.replace_all,str.contains,=
benchmark_0222.smt2, str.replace_all,str.contains,=
benchmark_0223.smt2, str.replace_all,str.contains,=
benchmark_0224.smt2, str.replace_all,str.contains,=
benchmark_0225.smt2, str.replace_all,str.contains,=
benchmark_0226.smt2, str.replace_all,str.contains,=
benchmark_0227.smt2, str.replace_all,str.contains,=
benchmark_0228.smt2, str.replace_all,str.contains,=
benchmark_0229.smt2, str.replace_all,str.contains,=
benchmark_0230.smt2, str.replace_all,str.contains,=
benchmark_0231.smt2, str.replace_all,str.contains,=
benchmark_0232.smt2, str.replace_all,str.contains,=
benchmark_0233.smt2, str.replace_all,str.contains,=
benchmark_0234.smt2, str.replace_all,str.contains,=
benchmark_0235.smt2, str.replace_all,str.contains,=
benchmark_0236.smt2, str.replace_all,str.contains,=
benchmark_0237.smt2, str.replace_all,str.contains,=
benchmark_0238.smt2, str.replace_all,str.contains,=
benchmark_0239.smt2, str.replace_all,str.contains,=
benchmark_0240.smt2, str.replace_all,str.contains,=
benchmark_0241.smt2, str.replace_all,str.contains,=
benchmark_0242.smt2, str.replace_all,str.contains,=
benchmark_0243.smt2, str.replace_all,str.contains,=
benchmark_0244.smt2, str.replace_all,str.contains,=
benchmark_0245.smt2, str.replace_all,str.contains,=
benchmark_0246.smt2, str.replace_all,str.contains,=
benchmark_0247.smt2, str.replace_all,str.contains,=
benchmark_0248.smt2, str.replace_all,str.contains,=
benchmark_0249.smt2, str.replace_all,str.contains,=
benchmark_0250.smt2, str.replace_all,str.contains,=
benchmark_0251.smt2, str.replace_all,str.contains,=
benchmark_0252.smt2, str.replace_all,str.contains,=
benchmark_0253.smt2, str.replace_all,str.contains,=
benchmark_0254.smt2, str.replace_all,str.contains,=
benchmark_0255.smt2, str.replace_all,str.contains,=
benchmark_0256.smt2, str.replace_all,str.contains,=
benchmark_0257.smt2, str.replace_all,str.contains,=
benchmark_0258.smt2, str.replace_all,str.contains,=
benchmark_0259.smt2, str.replace_all,str.contains,=
benchmark_0260.smt2, str.replace_all,str.contains,=
benchmark_0261.smt2, str.replace_all,str.contains,=
benchmark_0262.smt2, str.replace_all,str.contains,=
benchmark_0263.smt2, str.replace_all,str.contains,=
benchmark_0264.smt2, str.replace_all,str.contains,=
benchmark_0265.smt2, str.replace_all,str.contains,=
benchmark_0266.smt2, str.replace_all,str.contains,=
benchmark_0267.smt2, str.replace_all,str.contains,=
benchmark_0268.smt2, str.replace_all,str.contains,=
benchmark_0269.smt2, str.replace_all,str.contains,=
benchmark_0270.smt2, str.replace_all,str.contains,=
benchmark_0271.smt2, str.replace_all,str.contains,=
benchmark_0272.smt2, str.replace_all,str.contains,=
benchmark_0273.smt2, str.replace_all,str.contains,=
benchmark_0274.smt2, str.replace_all,str.contains,=
benchmark_0275.smt2, str.replace_all,str.contains,=
benchmark_0276.smt2, str.replace_all,str.contains,=
benchmark_0277.smt2, str.replace_all,str.contains,=
benchmark_0278.smt2, str.replace_all,str.contains,=
benchmark_0279.smt2, str.replace_all,str.contains,=
benchmark_0280.smt2, str.replace_all,str.contains,=
benchmark_0281.smt2, str.replace_all,str.contains,=
benchmark_0282.smt2, str.replace_all,str.contains,=
benchmark_0283.smt2, str.replace_all,str.contains,=
benchmark_0284.smt2, str.replace_all,str.contains,=
benchmark_0285.smt2, str.replace_all,str.contains,=
benchmark_0286.smt2, str.replace_all,str.contains,=
benchmark_0287.smt2, str.replace_all,str.contains,=
benchmark_0288.smt2, str.replace_all,str.contains,=
benchmark_0289.smt2, str.replace_all,str.contains,=
benchmark_0290.smt2, str.replace_all,str.contains,=
benchmark_0291.smt2, str.replace_all,str.contains,=
benchmark_0292.smt2, str.replace_all,str.contains,=
benchmark_0293.smt2, str.replace_all,str.contains,=
benchmark_0294.smt2, str.replace_all,str.contains,=
benchmark_0295.smt2, str.replace_all,str.contains,=
benchmark_0296.smt2, str.replace_all,str.contains,=
benchmark_0297.smt2, str.replace_all,str.contains,=
benchmark_0298.smt2, str.replace_all,str.contains,=
benchmark_0299.smt2, str.replace_all,str.contains,=
benchmark_0300.smt2, str.replace_all,str.contains,=
benchmark_0301.smt2, str.replace_all,str.contains,=
benchmark_0302.smt2, str.replace_all,str.contains,=
benchmark_0303.smt2, str.replace_all,str.contains,=
benchmark_0304.smt2, str.replace_all,str.contains,=
benchmark_0305.smt2, str.replace_all,str.contains,=
benchmark_0306.smt2, str.replace_all,str.contains,=
benchmark_0307.smt2, str.replace_all,str.contains,=
benchmark_0308.smt2, str.replace_all,str.contains,=
benchmark_0309.smt2, str.replace_all,str.contains,=
benchmark_0310.smt2, str.replace_all,str.contains,=
benchmark_0311.smt2, str.replace_all,str.contains,=
benchmark_0312.smt2, str.replace_all,str.contains,=
benchmark_0313.smt2, str.replace_all,str.contains,=
benchmark_0314.smt2, str.replace_all,str.contains,=
benchmark_0315.smt2, str.replace_all,str.contains,=
benchmark_0316.smt2, str.replace_all,str.contains,=
benchmark_0317.smt2, str.replace_all,str.contains,=
benchmark_0318.smt2, str.replace_all,str.contains,=
benchmark_0319.smt2, str.replace_all,str.contains,=
benchmark_0320.smt2, str.replace_all,str.contains,=
benchmark_0321.smt2, str.replace_all,str.contains,=
benchmark_0322.smt2, str.replace_all,str.contains,=
benchmark_0323.smt2, str.replace_all,str.contains,=
benchmark_0324.smt2, str.replace_all,str.contains,=
benchmark_0325.smt2, str.replace_all,str.contains,=
benchmark_0326.smt2, str.replace_all,str.contains,=
benchmark_0327.smt2, str.replace_all,str.contains,=
benchmark_0328.smt2, str.replace_all,str.contains,=
benchmark_0329.smt2, str.replace_all,str.contains,=
benchmark_0330.smt2, str.replace_all,str.contains,=
benchmark_0331.smt2, str.replace_all,str.contains,=
benchmark_0332.smt2, str.replace_all,str.contains,=
benchmark_0333.smt2, str.replace_all,str.contains,=
benchmark_0334.smt2, str.replace_all,str.contains,=
benchmark_0335.smt2, str.replace_all,str.contains,=
benchmark_0336.smt2, str.replace_all,str.contains,=
benchmark_0337.smt2, str.replace_all,str.contains,=
benchmark_0338.smt2, str.replace_all,str.contains,=
benchmark_0339.smt2, str.replace_all,str.contains,=
benchmark_0340.smt2, str.replace_all,str.contains,=
benchmark_0341.smt2, str.replace_all,str.contains,=
benchmark_0342.smt2, str.replace_all,str.contains,=
benchmark_0343.smt2, str.replace_all,str.contains,=
benchmark_0344.smt2, str.replace_all,str.contains,=
benchmark_0345.smt2, str.replace_all,str.contains,=
benchmark_0346.smt2, str.replace_all,str.contains,=
benchmark_0347.smt2, str.replace_all,str.contains,=
benchmark_0348.smt2, str.replace_all,str.contains,=
benchmark_0349.smt2, str.replace_all,str.contains,=
benchmark_0350.smt2, str.replace_all,str.contains,=
benchmark_0351.smt2, str.replace_all,str.contains,=
benchmark_0352.smt2, str.replace_all,str.contains,=
benchmark_0353.smt2, str.replace_all,str.contains,=
benchmark_0354.smt2, str.replace_all,str.contains,=
benchmark_0355.smt2, str.replace_all,str.contains,=
benchmark_0356.smt2, str.replace_all,str.contains,=
benchmark_0357.smt2, str.replace_all,str.contains,=
benchmark_0358.smt2, str.replace_all,str.contains,=
benchmark_0359.smt2, str.replace_all,str.contains,=
benchmark_0360.smt2, str.replace_all,str.contains,=
benchmark_0361.smt2, str.replace_all,str.contains,=
benchmark_0362.smt2, str.replace_all,str.contains,=
benchmark_0363.smt2, str.replace_all,str.contains,=
benchmark_0364.smt2, str.replace_all,str.contains,=
benchmark_0365.smt2, str.replace_all,str.contains,=
benchmark_0366.smt2, str.replace_all,str.contains,=
benchmark_0367.smt2, str.replace_all,str.contains,=
benchmark_0368.smt2, str.replace_all,str.contains,=
benchmark_0369.smt2, str.replace_all,str.contains,=
benchmark_0370.smt2, str.replace_all,str.contains,=
benchmark_0371.smt2, str.replace_all,str.contains,=
benchmark_0372.smt2, str.replace_all,str.contains,=
benchmark_0373.smt2, str.replace_all,str.contains,=
benchmark_0374.smt2, str.replace_all,str.contains,=
benchmark_0375.smt2, str.replace_all,str.contains,=
benchmark_0376.smt2, str.replace_all,str.contains,=
benchmark_0377.smt2, str.replace_all,str.contains,=
benchmark_0378.smt2, str.replace_all,str.contains,=
benchmark_0379.smt2, str.replace_all,str.contains,=
benchmark_0380.smt2, str.replace_all,str.contains,=
benchmark_0381.smt2, str.replace_all,str.contains,=
benchmark_0382.smt2, str.replace_all,str.contains,=
benchmark_0383.smt2, str.replace_all,str.contains,=
benchmark_0384.smt2, str.replace_all,str.contains,=
benchmark_0385.smt2, str.replace_all,str.contains,=
benchmark_0386.smt2, str.replace_all,str.contains,=
benchmark_0387.smt2, str.replace_all,str.contains,=
benchmark_0388.smt2, str.replace_all,str.contains,=
benchmark_0389.smt2, str.replace_all,str.contains,=
benchmark_0390.smt2, str.replace_all,str.contains,=
benchmark_0391.smt2, str.replace_all,str.contains,=
benchmark_0392.smt2, str.replace_all,str.contains,=
benchmark_0393.smt2, str.replace_all,str.contains,=
benchmark_0394.smt2, str.replace_all,str.contains,=
benchmark_0395.smt2, str.replace_all,str.contains,=
benchmark_0396.smt2, str.replace_all,str.contains,=
benchmark_0397.smt2, str.replace_all,str.contains,=
benchmark_0398.smt2, str.replace_all,str.contains,=
benchmark_0399.smt2, str.replace_all,str.contains,=
benchmark_0400.smt2, str.replace_all,str.contains,=
benchmark_0401.smt2, str.replace_all,str.contains,=
benchmark_0402.smt2, str.replace_all,str.contains,=
benchmark_0403.smt2, str.replace_all,str.contains,=
benchmark_0404.smt2, str.replace_all,str.contains,=
benchmark_0405.smt2, str.replace_all,str.contains,=
benchmark_0406.smt2, str.replace_all,str.contains,=
benchmark_0407.smt2, str.replace_all,str.contains,=
benchmark_0408.smt2, str.replace_all,str.contains,=
benchmark_0409.smt2, str.replace_all,str.contains,=
benchmark_0410.smt2, str.replace_all,str.contains,=
benchmark_0411.smt2, str.replace_all,str.contains,=
benchmark_0412.smt2, str.replace_all,str.contains,=
benchmark_0413.smt2, str.replace_all,str.contains,=
benchmark_0414.smt2, str.replace_all,str.contains,=
benchmark_0415.smt2, str.replace_all,str.contains,=
benchmark_0416.smt2, str.replace_all,str.contains,=
benchmark_0417.smt2, str.replace_all,str.contains,=
benchmark_0418.smt2, str.replace_all,str.contains,=
benchmark_0419.smt2, str.replace_all,str.contains,=
benchmark_0420.smt2, str.replace_all,str.contains,=
benchmark_0421.smt2, str.replace_all,str.contains,=
benchmark_0422.smt2, str.replace_all,str.contains,=
benchmark_0423.smt2, str.replace_all,str.contains,=
benchmark_0424.smt2, str.replace_all,str.contains,=
benchmark_0425.smt2, str.replace_all,str.contains,=
benchmark_0426.smt2, str.replace_all,str.contains,=
benchmark_0427.smt2, str.replace_all,str.contains,=
benchmark_0428.smt2, str.replace_all,str.contains,=
benchmark_0429.smt2, str.replace_all,str.contains,=
benchmark_0430.smt2, str.replace_all,str.contains,=
benchmark_0431.smt2, str.replace_all,str.contains,=
benchmark_0432.smt2, str.replace_all,str.contains,=
benchmark_0433.smt2, str.replace_all,str.contains,=
benchmark_0434.smt2, str.replace_all,str.contains,=
benchmark_0435.smt2, str.replace_all,str.contains,=
benchmark_0436.smt2, str.replace_all,str.contains,=
benchmark_0437.smt2, str.replace_all,str.contains,=
benchmark_0438.smt2, str.replace_all,str.contains,=
benchmark_0439.smt2, str.replace_all,str.contains,=
benchmark_0440.smt2, str.replace_all,str.contains,=
benchmark_0441.smt2, str.replace_all,str.contains,=
benchmark_0442.smt2, str.replace_all,str.contains,=
benchmark_0443.smt2, str.replace_all,str.contains,=
benchmark_0444.smt2, str.replace_all,str.contains,=
benchmark_0445.smt2, str.replace_all,str.contains,=
benchmark_0446.smt2, str.replace_all,str.contains,=
benchmark_0447.smt2, str.replace_all,str.contains,=
benchmark_0448.smt2, str.replace_all,str.contains,=
benchmark_0449.smt2, str.replace_all,str.contains,=
benchmark_0450.smt2, str.replace_all,str.contains,=
benchmark_0451.smt2, str.replace_all,str.contains,=
benchmark_0452.smt2, str.replace_all,str.contains,=
benchmark_0453.smt2, str.replace_all,str.contains,=
benchmark_0454.smt2, str.replace_all,str.contains,=
benchmark_0455.smt2, str.replace_all,str.contains,=
benchmark_0456.smt2, str.replace_all,str.contains,=
benchmark_0457.smt2, str.replace_all,str.contains,=
benchmark_0458.smt2, str.replace_all,str.contains,=
benchmark_0459.smt2, str.replace_all,str.contains,=
benchmark_0460.smt2, str.replace_all,str.contains,=
benchmark_0461.smt2, str.replace_all,str.contains,=
benchmark_0462.smt2, str.replace_all,str.contains,=
benchmark_0463.smt2, str.replace_all,str.contains,=
benchmark_0464.smt2, str.replace_all,str.contains,=
benchmark_0465.smt2, str.replace_all,str.contains,=
benchmark_0466.smt2, str.replace_all,str.contains,=
benchmark_0467.smt2, str.replace_all,str.contains,=
benchmark_0468.smt2, str.replace_all,str.contains,=
benchmark_0469.smt2, str.replace_all,str.contains,=
benchmark_0470.smt2, str.replace_all,str.contains,=
benchmark_0471.smt2, str.replace_all,str.contains,=
benchmark_0472.smt2, str.replace_all,str.contains,=
benchmark_0473.smt2, str.replace_all,str.contains,=
benchmark_0474.smt2, str.replace_all,str.contains,=
benchmark_0475.smt2, str.replace_all,str.contains,=
benchmark_0476.smt2, str.replace_all,str.contains,=
benchmark_0477.smt2, str.replace_all,str.contains,=
benchmark_0478.smt2, str.replace_all,str.contains,=
benchmark_0479.smt2, str.replace_all,str.contains,=
benchmark_0480.smt2, str.replace_all,str.contains,=
benchmark_0481.smt2, str.replace_all,str.contains,=
benchmark_0482.smt2, str.replace_all,str.contains,=
benchmark_0483.smt2, str.replace_all,str.contains,=
benchmark_0484.smt2, str.replace_all,str.contains,=
benchmark_0485.smt2, str.replace_all,str.contains,=
benchmark_0486.smt2, str.replace_all,str.contains,=
benchmark_0487.smt2, str.replace_all,str.contains,=
benchmark_0488.smt2, str.replace_all,str.contains,=
benchmark_0489.smt2, str.replace_all,str.contains,=
benchmark_0490.smt2, str.replace_all,str.contains,=
benchmark_0491.smt2, str.replace_all,str.contains,=
benchmark_0492.smt2, str.replace_all,str.contains,=
benchmark_0493.smt2, str.replace_all,str.contains,=
benchmark_0494.smt2, str.replace_all,str.contains,=
benchmark_0495.smt2, str.replace_all,str.contains,=
benchmark_0496.smt2, str.replace_all,str.contains,=
benchmark_0497.smt2, str.replace_all,str.contains,=
benchmark_0498.smt2, str.replace_all,str.contains,=
benchmark_0499.smt2, str.replace_all,str.contains,=
benchmark_0500.smt2, str.replace_all,str.contains,=
